Ticker,Date,Open,High,Low,Close,Adj Close,Volume
AAPL,2026-01-02,272.26,277.84,269.0,271.01,270.76,37838100
AAPL,2026-01-05,270.64,271.51,266.14,267.26,267.01,45647200
AAPL,2026-01-06,267.0,267.55,262.12,262.36,262.11,52352100
AAPL,2026-01-07,263.2,263.68,259.81,260.33,260.09,48309800
AAPL,2026-01-08,257.02,259.29,255.7,259.04,258.8,50419300
AAPL,2026-01-09,259.08,260.21,256.22,259.37,259.13,39997000
AAPL,2026-01-12,259.16,261.3,256.8,260.25,260.01,45263800
AAPL,2026-01-13,258.72,261.81,258.39,261.05,260.81,45730800
AAPL,2026-01-14,259.49,261.82,256.71,259.96,259.72,40019400
AAPL,2026-01-15,260.65,261.04,257.05,258.21,257.97,39388600
AAPL,2026-01-16,257.9,258.9,254.93,255.53,255.29,72142800
AAPL,2026-01-20,252.73,254.79,243.42,246.7,246.47,80267500
AAPL,2026-01-21,248.7,251.56,245.18,247.65,247.42,54641700
AAPL,2026-01-22,249.2,251.0,248.15,248.35,248.12,39708300
AAPL,2026-01-23,247.32,249.41,244.68,248.04,247.81,41689000
AAPL,2026-01-26,251.48,256.56,249.8,255.41,255.17,55969200
AAPL,2026-01-27,259.17,261.95,258.21,258.27,258.03,49648300
AAPL,2026-01-28,257.65,258.86,254.51,256.44,256.2,41288000
AAPL,2026-01-29,258.0,259.65,254.41,258.28,258.04,67253000
AAPL,2026-01-30,255.17,261.9,252.18,259.48,259.24,92443400
ABNB,2026-01-02,135.94,136.11,132.34,133.01,133.01,3863800
ABNB,2026-01-05,133.1,137.96,132.63,135.87,135.87,4336100
ABNB,2026-01-06,135.95,138.38,135.95,138.02,138.02,3113000
ABNB,2026-01-07,137.65,139.55,136.83,137.04,137.04,3585100
ABNB,2026-01-08,136.1,138.78,134.55,138.66,138.66,3592800
ABNB,2026-01-09,140.01,141.4,137.91,139.27,139.27,4577800
ABNB,2026-01-12,139.28,140.24,137.01,138.51,138.51,3371100
ABNB,2026-01-13,138.14,140.19,136.5,140.07,140.07,4108700
ABNB,2026-01-14,139.5,139.65,130.15,132.79,132.79,7681600
ABNB,2026-01-15,134.54,135.5,131.93,132.6,132.6,4662400
ABNB,2026-01-16,132.6,132.76,129.85,130.66,130.66,5061700
ABNB,2026-01-20,127.83,132.04,127.83,130.73,130.73,4500900
ABNB,2026-01-21,130.73,134.97,129.7,133.59,133.59,4645900
ABNB,2026-01-22,134.32,137.21,133.51,133.8,133.8,3577100
ABNB,2026-01-23,133.21,134.82,131.71,132.15,132.15,4302900
ABNB,2026-01-26,132.49,134.51,131.18,133.39,133.39,3648900
ABNB,2026-01-27,133.23,133.49,131.01,132.22,132.22,2530600
ABNB,2026-01-28,132.54,134.12,131.51,131.55,131.55,2263800
ABNB,2026-01-29,131.75,132.58,130.1,131.77,131.77,4251600
ABNB,2026-01-30,130.97,131.56,129.06,129.37,129.37,3505700
ADBE,2026-01-02,350.68,351.12,331.64,333.3,333.3,5643500
ADBE,2026-01-05,330.11,334.47,327.44,331.56,331.56,5012100
ADBE,2026-01-06,330.0,336.4,329.5,335.99,335.99,3187400
ADBE,2026-01-07,336.24,342.78,334.62,338.1,338.1,3183100
ADBE,2026-01-08,337.38,343.95,334.68,339.04,339.04,3107700
ADBE,2026-01-09,335.88,335.88,328.0,333.95,333.95,3250100
ADBE,2026-01-12,327.77,330.67,323.5,327.65,327.65,3541400
ADBE,2026-01-13,322.49,323.0,307.91,309.93,309.93,7217300
ADBE,2026-01-14,308.57,309.73,302.47,304.44,304.44,5712600
ADBE,2026-01-15,304.97,305.82,301.4,304.09,304.09,4774300
ADBE,2026-01-16,304.56,304.88,295.42,296.12,296.12,8534400
ADBE,2026-01-20,294.32,295.0,288.33,290.37,290.37,6962000
ADBE,2026-01-21,290.77,294.51,288.33,294.23,294.23,5645300
ADBE,2026-01-22,296.0,301.82,295.2,299.73,299.73,4974500
ADBE,2026-01-23,301.46,303.84,299.2,301.07,301.07,4368700
ADBE,2026-01-26,301.4,306.3,301.4,304.72,304.72,4115300
ADBE,2026-01-27,303.81,304.22,292.93,297.42,297.42,4166300
ADBE,2026-01-28,299.66,303.85,297.69,299.58,299.58,3942800
ADBE,2026-01-29,291.68,293.64,284.6,291.65,291.65,7410800
ADBE,2026-01-30,291.6,295.34,290.51,293.25,293.25,5713000
ADI,2026-01-02,275.07,276.0,270.46,273.74,273.74,3608900
ADI,2026-01-05,275.22,281.83,273.77,277.29,277.29,3006700
ADI,2026-01-06,279.74,294.15,279.59,292.94,292.94,6428000
ADI,2026-01-07,288.89,293.08,286.75,292.89,292.89,3570200
ADI,2026-01-08,290.38,299.53,289.51,299.16,299.16,3775500
ADI,2026-01-09,299.77,303.2,297.12,300.93,300.93,3088100
ADI,2026-01-12,297.5,298.35,292.45,293.86,293.86,3308200
ADI,2026-01-13,295.18,302.48,294.66,296.21,296.21,2759600
ADI,2026-01-14,294.59,298.86,293.28,297.99,297.99,3597400
ADI,2026-01-15,301.81,305.61,298.64,302.1,302.1,4087000
ADI,2026-01-16,307.53,309.18,299.69,300.25,300.25,4261100
ADI,2026-01-20,296.99,302.03,293.82,295.67,295.67,4321000
ADI,2026-01-21,298.96,308.15,298.4,304.97,304.97,3753900
ADI,2026-01-22,309.47,313.19,306.87,308.52,308.52,2793700
ADI,2026-01-23,310.49,313.54,303.16,305.6,305.6,2907000
ADI,2026-01-26,305.15,306.69,303.76,304.01,304.01,2757700
ADI,2026-01-27,305.24,306.99,300.76,303.83,303.83,3552700
ADI,2026-01-28,313.0,318.17,308.5,317.63,317.63,3888300
ADI,2026-01-29,316.07,319.26,308.93,318.7,318.7,3131800
ADI,2026-01-30,314.96,317.32,309.27,310.88,310.88,4405600
ADP,2026-01-02,257.03,257.67,251.65,252.88,252.88,2026200
ADP,2026-01-05,252.69,259.14,251.96,257.32,257.32,2102600
ADP,2026-01-06,255.77,262.1,255.47,261.12,261.12,2063900
ADP,2026-01-07,261.95,262.48,259.3,261.26,261.26,1479000
ADP,2026-01-08,260.25,267.03,259.6,265.67,265.67,1988700
ADP,2026-01-09,265.55,268.08,264.66,266.02,266.02,1687600
ADP,2026-01-12,264.8,266.03,261.97,262.8,262.8,1495100
ADP,2026-01-13,262.29,263.22,256.72,257.07,257.07,1802800
ADP,2026-01-14,256.64,259.04,256.19,258.5,258.5,1894800
ADP,2026-01-15,261.14,263.58,259.13,260.2,260.2,2054000
ADP,2026-01-16,260.02,261.09,257.57,260.44,260.44,2880300
ADP,2026-01-20,258.46,259.9,254.19,255.1,255.1,2214500
ADP,2026-01-21,255.43,259.29,254.5,256.99,256.99,2540600
ADP,2026-01-22,257.2,260.06,256.53,259.86,259.86,2002100
ADP,2026-01-23,258.13,260.65,256.88,257.87,257.87,2114200
ADP,2026-01-26,258.43,260.24,256.22,258.17,258.17,2043400
ADP,2026-01-27,256.78,257.46,253.44,254.51,254.51,3482100
ADP,2026-01-28,249.65,255.73,248.3,250.69,250.69,4089100
ADP,2026-01-29,249.39,252.43,244.44,245.97,245.97,3533800
ADP,2026-01-30,245.07,247.0,243.68,246.82,246.82,3568400
ADSK,2026-01-02,296.0,296.06,282.51,286.73,286.73,1317700
ADSK,2026-01-05,288.04,293.1,286.63,288.66,288.66,1463800
ADSK,2026-01-06,288.51,294.24,287.52,293.17,293.17,1264500
ADSK,2026-01-07,294.73,296.8,293.04,293.79,293.79,987700
ADSK,2026-01-08,291.0,292.05,273.8,276.58,276.58,2778000
ADSK,2026-01-09,276.8,278.45,273.8,276.02,276.02,1820900
ADSK,2026-01-12,275.91,279.32,274.02,277.89,277.89,1204600
ADSK,2026-01-13,277.5,279.34,266.77,270.63,270.63,2171000
ADSK,2026-01-14,268.95,271.01,259.27,261.28,261.28,2221200
ADSK,2026-01-15,262.23,264.08,259.76,262.26,262.26,1773800
ADSK,2026-01-16,262.72,266.4,260.72,265.69,265.69,3839400
ADSK,2026-01-20,261.54,262.49,252.55,253.87,253.87,2671200
ADSK,2026-01-21,253.87,257.49,253.34,257.44,257.44,2342600
ADSK,2026-01-22,268.71,271.44,263.05,269.77,269.77,3157400
ADSK,2026-01-23,269.41,271.29,266.87,270.0,270.0,1493400
ADSK,2026-01-26,270.41,274.25,269.76,272.34,272.34,1804300
ADSK,2026-01-27,271.2,272.05,264.59,268.09,268.09,1458400
ADSK,2026-01-28,268.51,271.12,266.61,268.33,268.33,1268100
ADSK,2026-01-29,260.0,260.47,247.2,255.68,255.68,3641800
ADSK,2026-01-30,253.59,255.67,250.95,252.87,252.87,1739200
AEP,2026-01-02,115.44,116.2,114.42,115.81,114.9,3906700
AEP,2026-01-05,115.57,115.57,112.54,114.07,113.18,3894400
AEP,2026-01-06,114.05,115.23,113.85,115.04,114.14,2535800
AEP,2026-01-07,115.33,115.52,113.25,113.7,112.81,2557000
AEP,2026-01-08,113.88,116.5,113.74,115.93,115.02,3230800
AEP,2026-01-09,116.0,117.41,115.95,116.91,115.99,2867700
AEP,2026-01-12,115.6,117.7,115.36,116.57,115.66,3437400
AEP,2026-01-13,116.57,117.01,115.57,116.62,115.71,2735100
AEP,2026-01-14,116.99,118.57,116.68,118.11,117.18,3143800
AEP,2026-01-15,118.41,119.7,117.65,119.4,118.46,3085800
AEP,2026-01-16,119.02,120.14,118.22,119.96,119.02,4044500
AEP,2026-01-20,119.2,120.45,118.27,119.22,118.28,4776400
AEP,2026-01-21,119.75,120.35,117.85,118.98,118.05,3632500
AEP,2026-01-22,118.71,119.36,117.03,117.18,116.26,2880500
AEP,2026-01-23,116.93,117.17,115.56,116.63,115.72,2525900
AEP,2026-01-26,117.11,119.17,117.01,118.02,117.09,3992200
AEP,2026-01-27,117.74,119.76,117.48,119.43,118.49,2675700
AEP,2026-01-28,119.25,120.2,118.53,119.12,118.19,1888800
AEP,2026-01-29,119.57,120.82,118.55,119.21,118.27,3537800
AEP,2026-01-30,119.02,119.88,117.98,119.78,118.84,3640700
AMAT,2026-01-02,267.08,271.23,265.1,268.87,268.87,7553200
AMAT,2026-01-05,276.12,287.74,276.12,284.32,284.32,10398700
AMAT,2026-01-06,285.43,298.22,285.43,296.01,296.01,7237900
AMAT,2026-01-07,292.0,295.25,290.0,292.2,292.2,6148400
AMAT,2026-01-08,290.7,291.92,279.45,281.64,281.64,5500700
AMAT,2026-01-09,288.4,302.78,286.5,301.18,301.18,9427600
AMAT,2026-01-12,301.72,309.5,300.59,307.24,307.24,6612800
AMAT,2026-01-13,307.06,310.64,302.59,304.87,304.87,7146500
AMAT,2026-01-14,301.47,301.94,297.0,301.89,301.89,6545200
AMAT,2026-01-15,328.08,331.0,318.83,319.08,319.08,11262800
AMAT,2026-01-16,325.72,330.19,320.17,327.01,327.01,11399300
AMAT,2026-01-20,316.1,324.49,315.7,318.23,318.23,9387300
AMAT,2026-01-21,319.48,328.69,316.91,325.24,325.24,7914000
AMAT,2026-01-22,332.99,333.03,317.46,318.79,318.79,6036100
AMAT,2026-01-23,318.98,323.64,311.07,322.38,322.38,6201000
AMAT,2026-01-26,322.0,322.0,316.57,319.46,319.46,4777200
AMAT,2026-01-27,324.45,336.47,323.29,332.71,332.71,8033000
AMAT,2026-01-28,341.93,344.04,332.96,336.75,336.75,8470000
AMAT,2026-01-29,340.74,344.6,328.88,341.34,341.34,7350500
AMAT,2026-01-30,332.93,340.95,321.54,322.32,322.32,9814100
AMD,2026-01-02,218.9,227.15,218.9,223.47,223.47,36446200
AMD,2026-01-05,230.25,234.02,220.48,221.08,221.08,31941100
AMD,2026-01-06,222.71,222.92,211.25,214.35,214.35,40033200
AMD,2026-01-07,212.13,212.13,207.17,210.02,210.02,29715500
AMD,2026-01-08,210.9,210.94,203.33,204.68,204.68,27505000
AMD,2026-01-09,205.72,207.3,203.07,203.17,203.17,24217300
AMD,2026-01-12,201.18,209.88,199.8,207.69,207.69,27287300
AMD,2026-01-13,215.1,223.11,214.98,220.97,220.97,56894900
AMD,2026-01-14,217.54,224.09,215.11,223.6,223.6,40466500
AMD,2026-01-15,227.9,238.35,227.22,227.92,227.92,55270200
AMD,2026-01-16,234.3,234.49,228.86,231.83,231.83,42545600
AMD,2026-01-20,226.08,239.5,225.41,231.92,231.92,44327700
AMD,2026-01-21,235.99,252.9,235.78,249.8,249.8,62385600
AMD,2026-01-22,251.75,256.08,246.63,253.73,253.73,37945000
AMD,2026-01-23,261.18,266.96,256.25,259.68,259.68,47525900
AMD,2026-01-26,256.75,258.29,250.3,251.31,251.31,30672500
AMD,2026-01-27,252.16,255.55,247.96,252.03,252.03,25691600
AMD,2026-01-28,254.13,257.4,250.21,252.74,252.74,27061200
AMD,2026-01-29,254.66,260.53,240.91,252.18,252.18,31685200
AMD,2026-01-30,236.93,245.24,234.55,236.73,236.73,40035700
AMGN,2026-01-02,328.77,329.19,325.01,327.64,325.39,1539700
AMGN,2026-01-05,324.92,326.52,318.21,320.72,318.51,2268700
AMGN,2026-01-06,319.49,330.94,318.83,330.17,327.9,2722500
AMGN,2026-01-07,332.1,343.05,332.1,341.64,339.29,3599200
AMGN,2026-01-08,337.76,341.46,328.21,330.11,327.84,2799300
AMGN,2026-01-09,328.81,332.08,323.89,326.1,323.86,2118400
AMGN,2026-01-12,328.47,328.47,322.74,325.54,323.3,2460600
AMGN,2026-01-13,327.42,327.75,319.79,324.3,322.07,2382200
AMGN,2026-01-14,324.09,329.2,323.55,328.97,326.71,1897400
AMGN,2026-01-15,328.97,332.5,325.19,330.03,327.76,2591900
AMGN,2026-01-16,328.7,333.03,326.9,330.41,328.14,4033700
AMGN,2026-01-20,325.58,331.34,321.71,331.0,328.72,2947500
AMGN,2026-01-21,329.95,343.98,329.32,343.6,341.24,4148600
AMGN,2026-01-22,344.15,349.98,342.14,347.07,344.68,3025100
AMGN,2026-01-23,346.18,349.23,341.82,344.75,342.38,2024900
AMGN,2026-01-26,344.7,350.43,343.62,349.69,347.28,3116100
AMGN,2026-01-27,348.57,353.25,346.93,351.32,348.9,3269600
AMGN,2026-01-28,349.0,351.95,340.0,342.22,339.87,2347800
AMGN,2026-01-29,341.66,347.27,338.75,342.94,340.58,3153100
AMGN,2026-01-30,340.81,345.5,338.07,341.88,339.53,2522400
AMZN,2026-01-02,231.34,235.46,224.7,226.5,226.5,51456200
AMZN,2026-01-05,228.84,234.0,227.18,233.06,233.06,49733300
AMZN,2026-01-06,232.1,243.18,232.07,240.93,240.93,53764700
AMZN,2026-01-07,239.61,245.29,239.52,241.56,241.56,42236500
AMZN,2026-01-08,243.06,246.41,241.88,246.29,246.29,39509800
AMZN,2026-01-09,244.57,247.86,242.24,247.38,247.38,34560000
AMZN,2026-01-12,246.73,248.94,245.96,246.47,246.47,35867800
AMZN,2026-01-13,246.53,247.66,240.25,242.6,242.6,38371800
AMZN,2026-01-14,241.15,241.28,236.22,236.65,236.65,41410600
AMZN,2026-01-15,239.31,240.65,236.63,238.18,238.18,43003600
AMZN,2026-01-16,239.09,239.57,236.41,239.12,239.12,45888300
AMZN,2026-01-20,233.76,235.09,229.34,231.0,231.0,47737900
AMZN,2026-01-21,231.09,232.3,226.88,231.31,231.31,47276100
AMZN,2026-01-22,234.05,235.72,230.9,234.34,234.34,31913300
AMZN,2026-01-23,234.96,240.45,234.57,239.16,239.16,33778500
AMZN,2026-01-26,239.98,240.95,237.54,238.42,238.42,32825500
AMZN,2026-01-27,239.69,244.88,238.08,244.68,244.68,38029200
AMZN,2026-01-28,246.37,247.78,241.53,243.01,243.01,40882700
AMZN,2026-01-29,242.82,243.0,236.74,241.73,241.73,47229600
AMZN,2026-01-30,239.89,243.32,237.64,239.3,239.3,46585000
APP,2026-01-02,683.37,683.5,610.58,618.32,618.32,5611200
APP,2026-01-05,617.7,642.28,603.77,632.91,632.91,3846900
APP,2026-01-06,629.94,632.04,595.51,617.24,617.24,4584400
APP,2026-01-07,618.0,643.58,611.0,632.92,632.92,2934700
APP,2026-01-08,621.86,628.5,605.15,616.53,616.53,3029300
APP,2026-01-09,616.22,649.77,612.29,647.72,647.72,3553700
APP,2026-01-12,638.63,663.88,624.79,658.65,658.65,4375400
APP,2026-01-13,655.11,679.69,642.8,668.63,668.63,3778600
APP,2026-01-14,673.0,675.0,596.76,617.76,617.76,8443400
APP,2026-01-15,626.41,629.8,600.2,606.99,606.99,4158700
APP,2026-01-16,615.27,615.27,559.82,568.76,568.76,8576800
APP,2026-01-20,540.96,578.76,532.21,565.52,565.52,9763600
APP,2026-01-21,555.01,560.0,530.15,532.56,532.56,6676800
APP,2026-01-22,538.93,539.86,514.35,521.94,521.94,5650600
APP,2026-01-23,521.5,535.7,509.04,524.41,524.41,4835100
APP,2026-01-26,531.97,558.37,529.03,535.44,535.44,5657000
APP,2026-01-27,546.82,556.43,536.3,543.56,543.56,4658200
APP,2026-01-28,546.79,557.97,537.68,542.36,542.36,4767700
APP,2026-01-29,550.1,569.92,542.0,569.24,569.24,5289400
APP,2026-01-30,559.79,563.47,463.08,473.11,473.11,12170500
ARM,2026-01-02,112.83,116.29,112.83,114.73,114.73,6711800
ARM,2026-01-05,120.36,122.5,116.03,116.11,116.11,6859500
ARM,2026-01-06,117.52,117.97,114.99,115.53,115.53,3290100
ARM,2026-01-07,114.93,117.2,113.97,115.68,115.68,5117600
ARM,2026-01-08,115.82,116.28,110.55,113.08,113.08,4701000
ARM,2026-01-09,113.91,113.98,109.52,111.79,111.79,5292900
ARM,2026-01-12,110.94,111.61,109.25,111.14,111.14,4443100
ARM,2026-01-13,108.87,111.75,105.9,107.84,107.84,7749400
ARM,2026-01-14,106.37,106.49,102.01,104.99,104.99,7570100
ARM,2026-01-15,108.13,108.89,104.95,105.11,105.11,5775800
ARM,2026-01-16,106.66,107.96,105.19,105.78,105.78,5291100
ARM,2026-01-20,104.86,110.74,104.41,107.17,107.17,7318200
ARM,2026-01-21,111.07,117.28,111.07,113.92,113.92,13666000
ARM,2026-01-22,120.71,123.5,118.65,119.2,119.2,14162100
ARM,2026-01-23,120.88,121.85,114.58,116.07,116.07,6814500
ARM,2026-01-26,116.35,116.44,114.06,114.73,114.73,3716600
ARM,2026-01-27,116.15,117.39,114.24,114.88,114.88,4500600
ARM,2026-01-28,115.0,115.78,109.06,109.96,109.96,7947400
ARM,2026-01-29,110.06,110.4,104.11,108.43,108.43,6154700
ARM,2026-01-30,107.09,108.0,105.03,105.36,105.36,4950700
ASML,2026-01-02,1133.76,1172.77,1133.48,1163.78,1162.25,2697900
ASML,2026-01-05,1211.22,1237.86,1211.22,1228.19,1226.57,3290600
ASML,2026-01-06,1222.82,1246.38,1222.42,1242.19,1240.55,1895800
ASML,2026-01-07,1227.45,1235.76,1222.0,1228.47,1226.85,1351200
ASML,2026-01-08,1217.26,1224.54,1176.0,1194.32,1192.75,1682300
ASML,2026-01-09,1232.85,1282.0,1220.99,1273.88,1272.2,2394500
ASML,2026-01-12,1256.06,1283.56,1255.25,1281.23,1279.54,1488600
ASML,2026-01-13,1282.32,1291.48,1268.12,1270.16,1268.49,1374200
ASML,2026-01-14,1267.12,1273.27,1249.62,1263.72,1262.06,1536500
ASML,2026-01-15,1353.64,1358.0,1330.0,1331.6,1329.85,2858400
ASML,2026-01-16,1355.71,1375.37,1338.24,1358.57,1356.78,2469100
ASML,2026-01-20,1319.12,1351.26,1311.31,1326.07,1324.32,2970800
ASML,2026-01-21,1332.0,1371.0,1322.67,1360.09,1358.3,2387200
ASML,2026-01-22,1393.65,1398.8,1373.28,1395.0,1393.16,1844200
ASML,2026-01-23,1376.32,1393.36,1363.27,1389.04,1387.21,1556300
ASML,2026-01-26,1385.87,1419.95,1385.16,1413.35,1411.49,2001300
ASML,2026-01-27,1417.63,1473.59,1417.0,1454.59,1452.67,3473900
ASML,2026-01-28,1493.0,1493.48,1408.05,1422.92,1421.05,5036800
ASML,2026-01-29,1459.32,1467.49,1399.09,1455.16,1453.24,2818900
ASML,2026-01-30,1440.04,1466.43,1416.01,1423.0,1421.13,2358800
AVGO,2026-01-02,352.78,360.66,345.56,347.62,347.62,25398600
AVGO,2026-01-05,354.74,355.03,336.5,343.42,343.42,31136000
AVGO,2026-01-06,343.6,349.05,338.0,343.77,343.77,27135500
AVGO,2026-01-07,341.7,349.7,335.88,343.5,343.5,20249300
AVGO,2026-01-08,342.78,343.68,330.5,332.48,332.48,24385200
AVGO,2026-01-09,337.92,347.39,333.5,344.97,344.97,22482500
AVGO,2026-01-12,340.95,353.9,340.95,352.21,352.21,20949600
AVGO,2026-01-13,352.88,359.49,350.91,354.61,354.61,18308000
AVGO,2026-01-14,348.97,350.69,334.42,339.89,339.89,30094700
AVGO,2026-01-15,349.12,349.68,341.67,343.02,343.02,22218800
AVGO,2026-01-16,346.27,354.51,344.05,351.71,351.71,31291200
AVGO,2026-01-20,344.1,345.4,331.8,332.6,332.6,32293900
AVGO,2026-01-21,335.51,335.8,324.2,328.8,328.8,32006600
AVGO,2026-01-22,335.35,336.99,324.89,325.49,325.49,24275400
AVGO,2026-01-23,319.3,321.99,314.11,320.05,320.05,30259500
AVGO,2026-01-26,319.8,328.68,317.6,324.85,324.85,25006400
AVGO,2026-01-27,329.76,334.76,327.02,332.79,332.79,25537600
AVGO,2026-01-28,338.85,339.99,326.7,333.24,333.24,23001700
AVGO,2026-01-29,332.56,335.95,320.28,330.73,330.73,20447500
AVGO,2026-01-30,332.44,338.2,328.33,331.3,331.3,28313000
AZN,2026-01-02,185.06,185.06,182.68,182.68,182.68,2200
AZN,2026-01-05,186.0,186.0,179.06,179.06,179.06,1900
AZN,2026-01-06,188.0,190.49,188.0,190.49,190.49,1500
AZN,2026-01-07,189.0,192.9,189.0,190.78,190.78,1600
AZN,2026-01-08,188.5,188.5,188.5,188.5,188.5,1600
AZN,2026-01-09,190.58,192.62,190.58,190.99,190.99,2400
AZN,2026-01-12,188.2,188.2,185.48,185.48,185.48,1700
AZN,2026-01-13,182.83,188.66,182.83,188.66,188.66,1100
AZN,2026-01-14,190.23,190.23,190.23,190.23,190.23,500
AZN,2026-01-15,189.44,189.44,186.5,188.84,188.84,1500
AZN,2026-01-16,184.1,191.13,180.55,191.13,191.13,3500
AZN,2026-01-20,172.68,183.2,172.68,183.2,183.2,4900
AZN,2026-01-21,179.39,180.64,175.0,175.0,175.0,2200
AZN,2026-01-22,179.5,179.5,179.5,179.5,179.5,800
AZN,2026-01-23,175.34,178.29,175.34,177.5,177.5,3700
AZN,2026-01-26,187.03,187.03,179.05,179.05,179.05,900
AZN,2026-01-27,188.7,195.0,188.07,188.07,188.07,2200
AZN,2026-01-28,187.85,187.9,177.87,187.8,187.8,2800
AZN,2026-01-29,188.02,188.02,182.79,183.17,183.17,1100
AZN,2026-01-30,183.0,187.1,182.28,187.1,187.1,1700
BIIB,2026-01-02,175.37,178.24,174.28,177.82,177.82,1095600
BIIB,2026-01-05,175.73,180.56,171.61,174.63,174.63,1663600
BIIB,2026-01-06,174.94,182.97,174.3,182.61,182.61,2115700
BIIB,2026-01-07,181.7,187.06,181.7,186.91,186.91,2122400
BIIB,2026-01-08,187.02,187.77,183.5,186.0,186.0,1622700
BIIB,2026-01-09,186.74,190.2,186.49,187.62,187.62,1416700
BIIB,2026-01-12,188.0,188.0,182.73,185.63,185.63,1280300
BIIB,2026-01-13,185.42,186.32,177.05,178.3,178.3,1597400
BIIB,2026-01-14,177.73,178.41,165.58,169.31,169.31,3635800
BIIB,2026-01-15,169.03,169.79,166.79,168.57,168.57,1562600
BIIB,2026-01-16,168.87,169.34,163.74,164.42,164.42,1816100
BIIB,2026-01-20,161.51,165.61,160.36,165.38,165.38,1879900
BIIB,2026-01-21,165.31,172.87,165.31,172.62,172.62,1447100
BIIB,2026-01-22,171.78,175.29,171.65,173.8,173.8,996400
BIIB,2026-01-23,173.17,173.9,170.04,171.59,171.59,1250500
BIIB,2026-01-26,171.67,174.31,170.59,173.12,173.12,1049200
BIIB,2026-01-27,173.02,176.14,172.23,174.12,174.12,748100
BIIB,2026-01-28,173.63,175.06,170.85,174.83,174.83,1304500
BIIB,2026-01-29,174.88,177.2,173.51,176.18,176.18,1146700
BIIB,2026-01-30,177.09,180.14,175.96,179.89,179.89,1488000
BKNG,2026-01-02,5356.79,5358.56,5251.32,5323.2,5323.2,170000
BKNG,2026-01-05,5293.2,5445.2,5281.54,5367.37,5367.37,178500
BKNG,2026-01-06,5350.3,5368.07,5271.02,5348.39,5348.39,214600
BKNG,2026-01-07,5321.41,5473.89,5321.41,5445.72,5445.72,180600
BKNG,2026-01-08,5441.0,5456.99,5358.0,5445.0,5445.0,160800
BKNG,2026-01-09,5415.06,5518.84,5393.0,5492.11,5492.11,204900
BKNG,2026-01-12,5454.2,5454.2,5360.82,5391.52,5391.52,179000
BKNG,2026-01-13,5366.93,5417.77,5268.02,5314.71,5314.71,189200
BKNG,2026-01-14,5262.53,5280.3,5057.49,5187.02,5187.02,248100
BKNG,2026-01-15,5191.15,5227.51,5143.15,5193.06,5193.06,189700
BKNG,2026-01-16,5193.06,5228.0,5103.56,5115.91,5115.91,373100
BKNG,2026-01-20,5012.07,5057.41,4952.44,5027.0,5027.0,286400
BKNG,2026-01-21,5009.73,5178.88,5001.71,5163.61,5163.61,272800
BKNG,2026-01-22,5207.91,5248.61,5119.07,5150.9,5150.9,222600
BKNG,2026-01-23,5067.24,5129.83,5067.24,5098.5,5098.5,207700
BKNG,2026-01-26,5113.83,5162.0,5087.27,5107.28,5107.28,180700
BKNG,2026-01-27,5107.28,5160.95,5088.29,5153.41,5153.41,156400
BKNG,2026-01-28,5161.43,5212.36,5068.0,5085.22,5085.22,200600
BKNG,2026-01-29,5106.02,5147.76,5050.01,5113.32,5113.32,244300
BKNG,2026-01-30,5084.56,5100.43,4954.81,5001.84,5001.84,270900
BKR,2026-01-02,45.72,47.41,45.35,47.14,47.14,4909900
BKR,2026-01-05,49.44,50.13,48.27,49.07,49.07,14722600
BKR,2026-01-06,49.36,49.95,48.53,49.38,49.38,7683300
BKR,2026-01-07,49.48,49.78,48.31,48.84,48.84,6844500
BKR,2026-01-08,48.96,50.38,48.85,50.2,50.2,6638900
BKR,2026-01-09,50.26,50.72,49.64,49.97,49.97,5725400
BKR,2026-01-12,49.97,50.16,47.68,47.95,47.95,8511100
BKR,2026-01-13,48.25,49.19,48.12,48.97,48.97,9416600
BKR,2026-01-14,49.25,50.34,49.15,49.98,49.98,8354800
BKR,2026-01-15,50.0,52.16,49.9,52.0,52.0,11621500
BKR,2026-01-16,52.02,52.33,51.14,51.75,51.75,8595500
BKR,2026-01-20,51.66,51.98,50.62,51.26,51.26,11324400
BKR,2026-01-21,52.26,53.8,52.05,53.59,53.59,10701900
BKR,2026-01-22,53.5,54.59,52.9,54.46,54.46,9858800
BKR,2026-01-23,55.31,55.31,53.8,53.92,53.92,15013700
BKR,2026-01-26,55.65,56.89,54.82,56.29,56.29,18022100
BKR,2026-01-27,56.4,57.58,55.86,56.5,56.5,13015300
BKR,2026-01-28,57.16,57.56,56.1,56.63,56.63,10929200
BKR,2026-01-29,57.99,58.5,56.44,56.73,56.73,13650900
BKR,2026-01-30,56.34,56.35,55.04,56.04,56.04,8618400
CCEP,2026-01-02,90.64,90.65,88.0,88.21,88.21,1985000
CCEP,2026-01-05,87.89,88.26,86.42,87.56,87.56,1392300
CCEP,2026-01-06,86.76,87.0,85.43,85.71,85.71,1818300
CCEP,2026-01-07,85.52,85.86,84.66,85.43,85.43,2203500
CCEP,2026-01-08,84.94,88.32,84.81,88.14,88.14,2016500
CCEP,2026-01-09,88.14,89.24,88.01,88.74,88.74,1226000
CCEP,2026-01-12,89.15,89.29,87.47,87.89,87.89,1525300
CCEP,2026-01-13,87.93,89.54,87.11,89.47,89.47,1744100
CCEP,2026-01-14,88.26,89.39,87.91,88.84,88.84,2861200
CCEP,2026-01-15,89.06,89.68,88.55,89.24,89.24,1365100
CCEP,2026-01-16,89.28,89.35,88.45,89.29,89.29,1970500
CCEP,2026-01-20,88.21,90.78,88.01,90.29,90.29,2310000
CCEP,2026-01-21,90.59,90.95,88.98,89.55,89.55,1733300
CCEP,2026-01-22,89.33,90.24,89.17,89.65,89.65,1118500
CCEP,2026-01-23,89.03,89.88,88.7,89.85,89.85,836600
CCEP,2026-01-26,90.41,90.88,89.5,89.55,89.55,765200
CCEP,2026-01-27,89.47,90.94,89.15,90.77,90.77,970100
CCEP,2026-01-28,90.57,91.76,90.57,91.03,91.03,1211500
CCEP,2026-01-29,91.23,92.22,90.59,91.22,91.22,1206500
CCEP,2026-01-30,91.07,91.8,90.57,91.7,91.7,1629000
CDNS,2026-01-02,315.7,316.0,306.41,310.4,310.4,1268200
CDNS,2026-01-05,311.46,314.17,300.4,301.22,301.22,4024700
CDNS,2026-01-06,301.5,316.04,300.88,314.64,314.64,2653300
CDNS,2026-01-07,314.39,324.71,314.39,320.54,320.54,1418500
CDNS,2026-01-08,317.01,319.45,312.95,318.8,318.8,1463000
CDNS,2026-01-09,319.9,328.59,315.41,327.31,327.31,1661000
CDNS,2026-01-12,325.88,328.51,321.02,325.51,325.51,1489700
CDNS,2026-01-13,322.63,327.67,318.0,323.06,323.06,1199000
CDNS,2026-01-14,319.5,320.53,309.92,313.17,313.17,2039700
CDNS,2026-01-15,317.44,328.64,316.0,320.6,320.6,2395100
CDNS,2026-01-16,321.83,322.47,314.5,317.45,317.45,2092000
CDNS,2026-01-20,310.56,311.45,305.77,307.0,307.0,2043000
CDNS,2026-01-21,307.53,316.16,304.95,313.84,313.84,1721100
CDNS,2026-01-22,317.0,317.83,310.8,317.09,317.09,1383500
CDNS,2026-01-23,315.5,323.54,312.01,318.32,318.32,1466800
CDNS,2026-01-26,317.86,323.63,314.06,322.02,322.02,1321700
CDNS,2026-01-27,321.7,323.0,317.21,318.37,318.37,1453800
CDNS,2026-01-28,321.62,325.19,316.46,320.49,320.49,1409300
CDNS,2026-01-29,316.61,317.0,293.44,302.67,302.67,3701300
CDNS,2026-01-30,298.46,298.88,293.63,296.36,296.36,2507400
CDW,2026-01-02,137.2,137.88,132.98,133.16,133.16,1330600
CDW,2026-01-05,133.16,135.85,133.0,133.61,133.61,1446600
CDW,2026-01-06,133.34,135.42,133.08,134.34,134.34,1535800
CDW,2026-01-07,134.75,134.98,128.78,129.54,129.54,1512500
CDW,2026-01-08,128.36,133.5,126.93,132.53,132.53,2080200
CDW,2026-01-09,132.73,133.98,130.73,133.49,133.49,882700
CDW,2026-01-12,132.86,134.32,132.2,133.5,133.5,948800
CDW,2026-01-13,134.29,136.09,133.51,134.6,134.6,1054400
CDW,2026-01-14,134.6,136.03,131.91,132.16,132.16,958600
CDW,2026-01-15,133.06,134.02,130.44,132.29,132.29,2564400
CDW,2026-01-16,132.49,133.15,131.45,131.75,131.75,1495500
CDW,2026-01-20,126.74,128.9,124.08,124.76,124.76,2067700
CDW,2026-01-21,125.62,128.46,124.0,127.62,127.62,1816000
CDW,2026-01-22,128.42,130.4,127.65,129.31,129.31,1353700
CDW,2026-01-23,127.75,127.95,125.73,126.0,126.0,1758300
CDW,2026-01-26,125.99,128.46,125.19,127.4,127.4,1537300
CDW,2026-01-27,127.4,127.41,124.66,125.4,125.4,1545000
CDW,2026-01-28,125.44,125.91,123.09,124.72,124.72,1326700
CDW,2026-01-29,124.67,125.56,123.13,125.2,125.2,1558800
CDW,2026-01-30,124.99,127.0,124.06,126.39,126.39,1740200
CEG,2026-01-02,358.0,373.23,358.0,366.25,366.25,2330100
CEG,2026-01-05,372.33,378.5,349.54,354.94,354.94,3097300
CEG,2026-01-06,358.45,359.8,346.74,354.58,354.58,2448400
CEG,2026-01-07,352.11,352.43,334.79,338.63,338.63,2812100
CEG,2026-01-08,337.0,338.63,321.61,322.54,322.54,4114300
CEG,2026-01-09,339.49,343.88,333.67,342.52,342.52,5908000
CEG,2026-01-12,334.67,339.99,333.0,335.86,335.86,2485200
CEG,2026-01-13,335.86,343.65,332.58,333.53,333.53,2754400
CEG,2026-01-14,330.0,336.59,325.8,330.38,330.38,2448400
CEG,2026-01-15,335.95,346.81,335.04,341.2,341.2,3054000
CEG,2026-01-16,322.45,323.05,300.41,307.71,307.71,9206900
CEG,2026-01-20,301.48,308.75,292.45,295.4,295.4,6079600
CEG,2026-01-21,297.86,300.15,290.94,294.37,294.37,5711800
CEG,2026-01-22,300.49,302.73,286.9,287.35,287.35,4771600
CEG,2026-01-23,287.44,292.25,285.44,289.06,289.06,3785200
CEG,2026-01-26,286.55,291.8,284.41,285.27,285.27,3344100
CEG,2026-01-27,286.02,290.4,282.5,288.76,288.76,5963900
CEG,2026-01-28,291.35,293.23,285.17,287.95,287.95,3279700
CEG,2026-01-29,288.2,292.67,283.11,287.45,287.45,3141900
CEG,2026-01-30,283.76,288.34,278.23,280.68,280.68,2756300
CHTR,2026-01-02,209.45,215.65,207.72,209.28,209.28,1400300
CHTR,2026-01-05,209.91,215.1,208.1,210.01,210.01,1667800
CHTR,2026-01-06,210.0,211.15,206.99,210.62,210.62,2902400
CHTR,2026-01-07,211.55,213.44,206.1,206.36,206.36,2142200
CHTR,2026-01-08,204.05,212.95,202.18,209.71,209.71,1858400
CHTR,2026-01-09,210.15,212.34,202.56,210.59,210.59,1461300
CHTR,2026-01-12,208.81,211.15,205.45,206.67,206.67,1191300
CHTR,2026-01-13,203.97,205.21,197.45,197.89,197.89,1990100
CHTR,2026-01-14,197.67,204.63,196.24,202.34,202.34,1242500
CHTR,2026-01-15,201.45,202.0,194.06,194.61,194.61,2116000
CHTR,2026-01-16,194.65,195.68,187.85,189.76,189.76,2292300
CHTR,2026-01-20,186.5,189.68,183.98,184.2,184.2,2218200
CHTR,2026-01-21,184.38,189.04,183.75,187.37,187.37,2395900
CHTR,2026-01-22,188.81,194.53,187.69,192.67,192.67,1801400
CHTR,2026-01-23,191.81,192.19,188.33,191.69,191.69,1423500
CHTR,2026-01-26,191.9,194.73,190.68,193.79,193.79,1609000
CHTR,2026-01-27,192.33,192.79,182.54,182.99,182.99,2199200
CHTR,2026-01-28,183.18,188.71,182.04,182.81,182.81,2474200
CHTR,2026-01-29,180.96,192.19,180.38,191.52,191.52,3762700
CHTR,2026-01-30,204.12,214.84,199.13,206.12,206.12,7196300
CMCSA,2026-01-02,28.01,28.07,27.54,27.69,27.36,25911241
CMCSA,2026-01-05,27.73,28.93,27.71,28.13,27.8,47571600
CMCSA,2026-01-06,27.84,27.94,27.1,27.42,27.1,34552600
CMCSA,2026-01-07,27.45,27.91,27.34,27.9,27.58,36361700
CMCSA,2026-01-08,27.66,28.5,27.5,28.21,27.88,30813300
CMCSA,2026-01-09,28.13,28.55,27.78,28.37,28.04,22315300
CMCSA,2026-01-12,28.74,29.32,28.49,29.06,28.72,40310200
CMCSA,2026-01-13,28.9,29.25,28.4,28.48,28.15,35155000
CMCSA,2026-01-14,28.05,28.54,28.03,28.42,28.42,27336300
CMCSA,2026-01-15,28.41,28.55,28.19,28.35,28.35,31081600
CMCSA,2026-01-16,28.25,28.38,27.56,27.82,27.82,38596900
CMCSA,2026-01-20,27.83,28.58,27.69,28.16,28.16,50568300
CMCSA,2026-01-21,28.09,29.01,28.09,28.89,28.89,44865500
CMCSA,2026-01-22,28.88,29.44,28.87,29.23,29.23,35617700
CMCSA,2026-01-23,28.98,29.33,28.76,29.3,29.3,29380200
CMCSA,2026-01-26,29.29,29.5,29.16,29.43,29.43,43266700
CMCSA,2026-01-27,29.34,29.42,28.63,28.7,28.7,40826400
CMCSA,2026-01-28,28.83,29.1,28.24,28.41,28.41,46428800
CMCSA,2026-01-29,27.63,30.11,27.58,29.24,29.24,65923400
CMCSA,2026-01-30,29.64,29.85,28.9,29.75,29.75,51300200
COIN,2026-01-02,230.6,238.49,225.91,236.53,236.53,8760200
COIN,2026-01-05,247.11,258.88,246.53,254.92,254.92,13695300
COIN,2026-01-06,255.21,258.35,245.72,250.56,250.56,8672500
COIN,2026-01-07,248.28,248.94,240.25,245.93,245.93,7488900
COIN,2026-01-08,244.62,250.38,242.25,245.59,245.59,6897200
COIN,2026-01-09,246.07,246.9,237.15,240.78,240.78,8104500
COIN,2026-01-12,239.63,248.0,238.04,242.98,242.98,5957300
COIN,2026-01-13,245.5,255.51,244.65,252.69,252.69,9027000
COIN,2026-01-14,256.92,263.07,253.0,255.86,255.86,10804500
COIN,2026-01-15,250.59,251.2,237.43,239.28,239.28,12098900
COIN,2026-01-16,239.49,243.19,236.14,241.15,241.15,7622400
COIN,2026-01-20,232.64,234.9,225.96,227.73,227.73,9757900
COIN,2026-01-21,228.76,231.45,222.4,226.93,226.93,8476500
COIN,2026-01-22,228.53,230.75,223.02,223.14,223.14,7088800
COIN,2026-01-23,222.75,222.75,215.72,216.95,216.95,12975100
COIN,2026-01-26,212.18,215.64,210.89,213.48,213.48,7077500
COIN,2026-01-27,213.48,213.56,207.77,210.83,210.83,7465500
COIN,2026-01-28,213.28,214.39,206.8,209.43,209.43,9046600
COIN,2026-01-29,206.82,207.0,194.21,199.18,199.18,14604300
COIN,2026-01-30,198.7,198.96,190.96,194.74,194.74,9635400
COST,2026-01-02,861.14,863.1,852.5,854.5,853.33,2373400
COST,2026-01-05,863.95,878.77,860.85,875.74,874.55,2805600
COST,2026-01-06,875.95,894.08,871.3,889.1,887.89,2742300
COST,2026-01-07,892.0,893.6,879.62,882.58,881.38,2680100
COST,2026-01-08,901.13,931.67,896.0,915.31,914.06,5207200
COST,2026-01-09,915.97,929.85,911.33,924.88,923.62,2895400
COST,2026-01-12,920.4,944.83,917.0,943.08,941.79,3246400
COST,2026-01-13,938.02,942.9,929.6,941.93,940.64,2222100
COST,2026-01-14,938.33,955.61,938.29,950.98,949.68,2894900
COST,2026-01-15,954.54,958.28,950.0,956.75,955.44,2185900
COST,2026-01-16,962.0,964.98,951.0,963.61,962.3,3862900
COST,2026-01-20,958.38,969.9,954.13,964.26,962.94,3209900
COST,2026-01-21,959.6,989.64,959.6,982.86,981.52,4073700
COST,2026-01-22,977.89,984.0,971.56,976.17,974.84,2074400
COST,2026-01-23,971.44,984.85,971.01,983.25,981.91,1680600
COST,2026-01-26,986.43,993.0,976.35,977.67,976.34,2458700
COST,2026-01-27,977.68,978.0,961.71,970.28,968.96,2077900
COST,2026-01-28,969.51,970.1,955.61,960.78,959.47,2474800
COST,2026-01-29,957.99,960.3,948.51,952.89,951.59,1825000
COST,2026-01-30,948.83,951.12,930.3,940.25,940.25,2396300
CPRT,2026-01-02,39.15,39.15,37.61,37.77,37.77,8608100
CPRT,2026-01-05,37.6,39.15,37.41,38.54,38.54,8998500
CPRT,2026-01-06,38.43,39.06,38.33,38.96,38.96,6706700
CPRT,2026-01-07,38.96,39.23,38.14,38.19,38.19,8246900
CPRT,2026-01-08,38.07,39.52,37.88,39.04,39.04,7215400
CPRT,2026-01-09,39.14,40.08,38.77,39.83,39.83,8409200
CPRT,2026-01-12,39.78,40.13,39.56,39.92,39.92,9877900
CPRT,2026-01-13,39.83,40.24,39.45,39.87,39.87,9033600
CPRT,2026-01-14,39.82,40.31,39.79,39.99,39.99,8787600
CPRT,2026-01-15,40.13,41.31,39.91,41.25,41.25,12156400
CPRT,2026-01-16,41.18,41.27,40.46,41.04,41.04,11878400
CPRT,2026-01-20,40.84,40.88,40.25,40.71,40.71,10639200
CPRT,2026-01-21,40.92,41.79,40.73,41.31,41.31,8820300
CPRT,2026-01-22,41.31,41.79,41.16,41.27,41.27,6949100
CPRT,2026-01-23,41.14,41.78,41.12,41.4,41.4,7503100
CPRT,2026-01-26,41.31,41.6,41.19,41.54,41.54,5536300
CPRT,2026-01-27,41.3,41.3,40.15,40.37,40.37,6246000
CPRT,2026-01-28,40.37,40.97,40.3,40.62,40.62,5895500
CPRT,2026-01-29,40.65,40.65,39.73,40.28,40.28,5287400
CPRT,2026-01-30,39.96,40.64,39.8,40.58,40.58,5963700
CRWD,2026-01-02,474.0,474.0,449.45,453.58,453.58,3325000
CRWD,2026-01-05,458.63,466.49,455.01,456.55,456.55,2615700
CRWD,2026-01-06,457.77,460.46,451.29,458.32,458.32,2340100
CRWD,2026-01-07,462.97,486.55,462.28,478.91,478.91,3967100
CRWD,2026-01-08,478.2,479.99,460.63,463.87,463.87,2455500
CRWD,2026-01-09,472.19,475.98,466.25,470.61,470.61,2397500
CRWD,2026-01-12,460.25,468.61,459.65,466.99,466.99,1938900
CRWD,2026-01-13,467.0,476.55,460.94,468.02,468.02,2693300
CRWD,2026-01-14,465.8,477.0,451.76,460.7,460.7,3754900
CRWD,2026-01-15,463.96,472.31,450.0,455.0,455.0,2835000
CRWD,2026-01-16,456.75,459.7,443.61,453.88,453.88,3437900
CRWD,2026-01-20,443.03,450.27,440.23,442.73,442.73,3231500
CRWD,2026-01-21,445.0,456.12,439.17,445.88,445.88,2686800
CRWD,2026-01-22,454.45,454.47,446.28,453.77,453.77,1514700
CRWD,2026-01-23,454.69,458.86,449.42,452.49,452.49,1770800
CRWD,2026-01-26,453.99,469.96,452.49,468.33,468.33,1957100
CRWD,2026-01-27,478.48,487.2,473.4,476.66,476.66,2834500
CRWD,2026-01-28,479.46,487.0,468.91,469.19,469.19,2382500
CRWD,2026-01-29,460.74,461.55,431.39,444.62,444.62,5230300
CRWD,2026-01-30,440.5,448.74,438.25,441.4,441.4,2595400
CSGP,2026-01-02,67.11,67.22,65.23,65.69,65.69,4368100
CSGP,2026-01-05,65.6,67.38,65.22,66.42,66.42,4369100
CSGP,2026-01-06,66.02,67.64,65.23,67.2,67.2,3143300
CSGP,2026-01-07,68.26,68.98,61.57,61.66,61.66,13759000
CSGP,2026-01-08,60.61,62.89,60.19,61.36,61.36,8337900
CSGP,2026-01-09,61.36,61.83,58.41,58.49,58.49,7690600
CSGP,2026-01-12,58.49,59.44,57.01,59.3,59.3,8883200
CSGP,2026-01-13,58.91,62.52,58.14,61.82,61.82,12699200
CSGP,2026-01-14,61.42,63.93,61.14,63.87,63.87,8203200
CSGP,2026-01-15,63.97,64.58,62.08,63.38,63.38,5471500
CSGP,2026-01-16,63.41,65.93,63.14,65.34,65.34,7622900
CSGP,2026-01-20,64.09,64.81,63.17,63.82,63.82,5721400
CSGP,2026-01-21,63.98,64.96,62.81,64.77,64.77,6367500
CSGP,2026-01-22,64.87,67.79,64.69,66.26,66.26,7257200
CSGP,2026-01-23,65.72,66.68,65.26,65.6,65.6,4985900
CSGP,2026-01-26,65.95,67.06,65.75,65.81,65.81,4026500
CSGP,2026-01-27,69.28,70.57,65.69,66.22,66.22,17993100
CSGP,2026-01-28,66.98,67.68,65.15,65.2,65.2,4374800
CSGP,2026-01-29,65.31,65.46,61.61,61.93,61.93,4517200
CSGP,2026-01-30,61.51,62.38,60.77,61.5,61.5,4662900
CTAS,2026-01-02,187.58,187.59,184.46,184.88,184.46,1372300
CTAS,2026-01-05,184.15,187.25,183.14,185.46,185.03,1393800
CTAS,2026-01-06,184.86,188.16,184.26,187.38,186.95,1484800
CTAS,2026-01-07,187.86,189.19,186.14,186.7,186.27,1760700
CTAS,2026-01-08,185.88,190.32,185.72,190.26,189.82,1642200
CTAS,2026-01-09,189.66,194.47,189.66,193.12,192.68,1814500
CTAS,2026-01-12,192.51,194.73,192.17,193.03,192.59,1601200
CTAS,2026-01-13,193.35,194.27,190.04,192.72,192.28,1649000
CTAS,2026-01-14,194.54,195.67,192.02,194.23,193.78,1745500
CTAS,2026-01-15,195.41,197.22,194.1,195.58,195.13,1830400
CTAS,2026-01-16,196.13,196.13,193.68,195.42,194.97,2712100
CTAS,2026-01-20,193.54,194.78,192.65,193.74,193.3,2582200
CTAS,2026-01-21,193.7,197.47,192.89,195.41,194.96,2125100
CTAS,2026-01-22,195.78,196.47,192.45,193.07,192.63,1810900
CTAS,2026-01-23,193.07,195.05,192.44,192.96,192.52,1404100
CTAS,2026-01-26,192.74,194.82,192.53,193.89,193.45,1581600
CTAS,2026-01-27,192.42,193.23,190.84,191.21,190.77,1053400
CTAS,2026-01-28,190.54,190.98,188.8,189.16,188.73,1379000
CTAS,2026-01-29,188.97,191.05,188.05,189.65,189.21,1414000
CTAS,2026-01-30,189.15,191.68,188.51,191.39,190.95,1782200
CTSH,2026-01-02,82.99,83.29,80.52,81.28,81.28,3219600
CTSH,2026-01-05,81.21,82.73,81.0,81.63,81.63,3569900
CTSH,2026-01-06,81.21,84.84,81.21,84.62,84.62,4915100
CTSH,2026-01-07,84.5,85.09,83.87,84.11,84.11,2989900
CTSH,2026-01-08,83.55,85.94,83.51,85.77,85.77,3401400
CTSH,2026-01-09,85.76,86.17,84.92,85.26,85.26,3235900
CTSH,2026-01-12,84.42,85.64,84.25,85.23,85.23,3759900
CTSH,2026-01-13,85.24,85.78,83.8,84.47,84.47,4526300
CTSH,2026-01-14,84.7,87.03,84.4,86.7,86.7,5301700
CTSH,2026-01-15,86.44,86.56,83.97,84.82,84.82,6120600
CTSH,2026-01-16,85.1,85.45,84.07,84.74,84.74,10220600
CTSH,2026-01-20,83.88,84.18,82.03,82.21,82.21,6287000
CTSH,2026-01-21,82.89,84.78,82.84,84.03,84.03,4396800
CTSH,2026-01-22,84.47,85.74,84.15,84.61,84.61,4076100
CTSH,2026-01-23,84.62,85.33,84.13,84.18,84.18,3779000
CTSH,2026-01-26,85.41,85.93,84.76,85.61,85.61,3011100
CTSH,2026-01-27,85.4,85.65,83.33,84.65,84.65,5049400
CTSH,2026-01-28,84.65,85.11,83.16,83.3,83.3,4030800
CTSH,2026-01-29,83.42,84.0,81.64,82.45,82.45,4801400
CTSH,2026-01-30,81.97,82.39,81.43,82.06,82.06,4608300
DASH,2026-01-02,229.73,230.78,219.65,219.79,219.79,3794400
DASH,2026-01-05,220.5,230.96,218.22,226.72,226.72,4917000
DASH,2026-01-06,226.51,232.27,225.36,229.38,229.38,4629600
DASH,2026-01-07,228.01,234.43,224.99,230.52,230.52,3107400
DASH,2026-01-08,227.66,228.31,221.15,224.1,224.1,3711300
DASH,2026-01-09,222.33,222.45,212.51,215.56,215.56,4887000
DASH,2026-01-12,212.51,216.1,208.11,214.87,214.87,4530500
DASH,2026-01-13,212.91,217.67,210.09,217.4,217.4,2641600
DASH,2026-01-14,215.14,215.51,207.81,213.13,213.13,4339700
DASH,2026-01-15,213.79,214.16,207.62,210.11,210.11,3949400
DASH,2026-01-16,210.24,211.05,204.03,205.32,205.32,5155100
DASH,2026-01-20,201.32,207.65,200.2,205.67,205.67,5435100
DASH,2026-01-21,203.65,208.35,201.23,206.48,206.48,5045600
DASH,2026-01-22,209.59,214.21,207.18,207.65,207.65,4314300
DASH,2026-01-23,206.81,211.42,205.99,207.23,207.23,2295600
DASH,2026-01-26,207.01,211.78,206.65,209.41,209.41,2874100
DASH,2026-01-27,210.05,210.05,204.82,207.36,207.36,2917500
DASH,2026-01-28,208.98,212.5,205.33,206.66,206.66,3269900
DASH,2026-01-29,206.25,209.43,202.5,207.68,207.68,3308000
DASH,2026-01-30,206.8,210.0,202.71,204.62,204.62,3915100
DDOG,2026-01-02,137.25,137.35,132.27,133.77,133.77,2565800
DDOG,2026-01-05,132.92,135.66,132.37,133.64,133.64,3828000
DDOG,2026-01-06,133.93,137.25,131.58,137.1,137.1,3631000
DDOG,2026-01-07,137.02,145.9,137.02,141.45,141.45,5865000
DDOG,2026-01-08,139.99,140.52,130.55,130.68,130.68,5476900
DDOG,2026-01-09,130.76,131.47,125.21,125.49,125.49,7057700
DDOG,2026-01-12,126.2,129.24,124.35,126.57,126.57,6778900
DDOG,2026-01-13,127.07,128.86,123.36,125.5,125.5,5210000
DDOG,2026-01-14,124.68,125.67,120.6,122.41,122.41,4841300
DDOG,2026-01-15,122.93,124.28,120.46,120.86,120.86,6196500
DDOG,2026-01-16,120.86,121.8,117.81,119.02,119.02,5871300
DDOG,2026-01-20,117.34,119.89,115.82,117.0,117.0,4929200
DDOG,2026-01-21,118.85,127.0,118.75,123.46,123.46,9731800
DDOG,2026-01-22,128.1,133.5,127.46,131.25,131.25,9645800
DDOG,2026-01-23,130.5,131.86,129.09,130.13,130.13,4073300
DDOG,2026-01-26,130.15,137.08,130.13,136.64,136.64,5395500
DDOG,2026-01-27,140.92,141.9,136.34,138.21,138.21,5931800
DDOG,2026-01-28,139.66,143.39,139.02,140.56,140.56,6364100
DDOG,2026-01-29,134.37,136.64,125.61,128.18,128.18,9773900
DDOG,2026-01-30,127.99,130.42,127.2,129.32,129.32,5338900
DLTR,2026-01-02,122.7,128.95,122.7,127.7,127.7,2795300
DLTR,2026-01-05,128.0,129.62,125.89,128.57,128.57,2249500
DLTR,2026-01-06,129.25,135.18,129.09,133.78,133.78,4135300
DLTR,2026-01-07,134.0,134.16,130.65,131.56,131.56,2492300
DLTR,2026-01-08,131.48,133.1,131.0,131.61,131.61,3170700
DLTR,2026-01-09,130.77,132.75,129.64,132.38,132.38,2547200
DLTR,2026-01-12,131.76,137.4,130.62,137.24,137.24,2877100
DLTR,2026-01-13,136.72,138.47,136.03,137.37,137.37,3469700
DLTR,2026-01-14,137.28,140.6,137.12,140.29,140.29,2945800
DLTR,2026-01-15,140.24,142.4,138.43,141.21,141.21,2585900
DLTR,2026-01-16,141.32,141.85,138.51,139.95,139.95,2205300
DLTR,2026-01-20,139.87,140.18,133.44,134.06,134.06,3061600
DLTR,2026-01-21,131.8,133.51,128.89,132.94,132.94,4069300
DLTR,2026-01-22,131.95,133.0,125.31,126.79,126.79,5045500
DLTR,2026-01-23,127.53,129.35,125.5,128.92,128.92,3349600
DLTR,2026-01-26,129.26,129.79,125.1,125.4,125.4,3862700
DLTR,2026-01-27,125.69,126.02,121.23,121.84,121.84,4705200
DLTR,2026-01-28,121.19,121.55,118.1,119.1,119.1,3332200
DLTR,2026-01-29,119.73,120.83,116.65,117.31,117.31,3131400
DLTR,2026-01-30,116.02,117.97,116.02,117.59,117.59,3275400
DXCM,2026-01-02,66.63,67.49,66.12,66.54,66.54,2893200
DXCM,2026-01-05,66.64,67.94,65.19,67.65,67.65,5200800
DXCM,2026-01-06,67.65,70.28,67.3,69.89,69.89,3973700
DXCM,2026-01-07,69.76,70.92,69.12,70.1,70.1,5080600
DXCM,2026-01-08,69.33,69.84,67.3,68.43,68.43,4564600
DXCM,2026-01-09,68.61,68.89,65.6,67.4,67.4,7876500
DXCM,2026-01-12,66.74,72.5,65.92,70.98,70.98,10860600
DXCM,2026-01-13,70.89,70.92,68.47,70.25,70.25,8712100
DXCM,2026-01-14,70.05,71.28,68.71,69.7,69.7,5836400
DXCM,2026-01-15,69.65,70.06,68.97,69.24,69.24,5636100
DXCM,2026-01-16,69.35,70.38,69.02,69.54,69.54,7440200
DXCM,2026-01-20,68.77,71.33,68.54,70.73,70.73,4841900
DXCM,2026-01-21,71.29,72.81,70.75,72.11,72.11,5406000
DXCM,2026-01-22,71.74,75.98,70.78,73.92,73.92,11335600
DXCM,2026-01-23,73.05,73.53,71.66,72.86,72.86,5247400
DXCM,2026-01-26,72.95,74.01,72.65,73.34,73.34,7318700
DXCM,2026-01-27,73.22,73.88,71.85,73.67,73.67,5642800
DXCM,2026-01-28,73.67,73.93,72.66,73.36,73.36,4525300
DXCM,2026-01-29,73.32,74.21,72.34,74.0,74.0,5100900
DXCM,2026-01-30,73.41,74.96,72.83,73.04,73.04,3825600
EA,2026-01-02,204.4,204.72,204.26,204.41,204.41,1944200
EA,2026-01-05,204.48,204.56,204.29,204.36,204.36,1975000
EA,2026-01-06,204.36,204.68,204.25,204.28,204.28,1551200
EA,2026-01-07,204.26,204.51,204.26,204.5,204.5,1917600
EA,2026-01-08,204.33,204.45,204.2,204.22,204.22,1548100
EA,2026-01-09,204.25,204.28,204.1,204.1,204.1,1251800
EA,2026-01-12,204.1,204.4,204.05,204.25,204.25,2744200
EA,2026-01-13,204.25,204.6,204.25,204.33,204.33,2179500
EA,2026-01-14,204.28,204.37,204.19,204.2,204.2,1261100
EA,2026-01-15,204.3,204.37,204.13,204.15,204.15,1214700
EA,2026-01-16,204.18,204.34,204.15,204.25,204.25,2067800
EA,2026-01-20,204.09,204.2,203.7,204.0,204.0,2599900
EA,2026-01-21,203.91,204.3,203.85,204.15,204.15,1446100
EA,2026-01-22,204.15,204.48,203.85,204.38,204.38,1935400
EA,2026-01-23,204.23,204.27,203.89,204.0,204.0,1644400
EA,2026-01-26,204.31,204.5,203.9,204.4,204.4,1991700
EA,2026-01-27,204.18,204.42,204.11,204.37,204.37,1282900
EA,2026-01-28,204.2,204.43,203.82,203.94,203.94,1754300
EA,2026-01-29,203.94,204.04,203.62,203.95,203.95,2661600
EA,2026-01-30,203.72,204.0,203.05,203.92,203.92,4233600
EXC,2026-01-02,43.56,44.18,43.26,43.92,43.92,4809000
EXC,2026-01-05,43.86,43.88,42.79,43.54,43.54,5944600
EXC,2026-01-06,43.54,44.0,43.33,43.84,43.84,5971400
EXC,2026-01-07,43.92,44.0,42.82,42.99,42.99,4818300
EXC,2026-01-08,42.9,43.77,42.86,43.45,43.45,5784800
EXC,2026-01-09,43.5,43.84,43.23,43.3,43.3,4825400
EXC,2026-01-12,43.15,43.57,42.86,42.9,42.9,5958400
EXC,2026-01-13,42.89,43.36,42.76,43.32,43.32,5750400
EXC,2026-01-14,43.49,43.88,43.41,43.6,43.6,10723100
EXC,2026-01-15,43.77,44.18,43.62,44.15,44.15,8861900
EXC,2026-01-16,44.17,44.82,44.07,44.73,44.73,14410900
EXC,2026-01-20,44.61,44.98,44.1,44.95,44.95,9859400
EXC,2026-01-21,45.06,45.23,44.43,45.0,45.0,9960200
EXC,2026-01-22,44.92,44.98,44.25,44.6,44.6,8509400
EXC,2026-01-23,44.24,44.5,43.42,44.06,44.06,8937100
EXC,2026-01-26,44.27,44.81,44.2,44.55,44.55,7223900
EXC,2026-01-27,44.39,44.92,44.3,44.83,44.83,8063700
EXC,2026-01-28,44.77,45.05,44.48,44.76,44.76,6165200
EXC,2026-01-29,44.99,45.17,44.34,44.41,44.41,8151600
EXC,2026-01-30,44.32,44.82,44.06,44.78,44.78,6539300
FANG,2026-01-02,151.1,153.66,148.68,152.34,152.34,1370500
FANG,2026-01-05,153.73,154.58,143.55,146.99,146.99,2598000
FANG,2026-01-06,148.3,148.37,143.66,144.47,144.47,1892900
FANG,2026-01-07,143.87,144.95,139.41,140.45,140.45,2492100
FANG,2026-01-08,140.75,149.8,140.75,147.66,147.66,2496800
FANG,2026-01-09,147.38,148.88,145.69,147.41,147.41,1899100
FANG,2026-01-12,147.29,149.21,145.97,147.56,147.56,1998800
FANG,2026-01-13,149.88,153.37,148.71,151.21,151.21,1853600
FANG,2026-01-14,151.24,156.85,151.2,153.73,153.73,2496800
FANG,2026-01-15,152.18,153.1,149.55,150.82,150.82,2404300
FANG,2026-01-16,151.19,151.85,149.63,151.28,151.28,2249300
FANG,2026-01-20,152.81,154.0,148.25,148.7,148.7,2055500
FANG,2026-01-21,151.8,156.34,150.87,153.0,153.0,1955500
FANG,2026-01-22,150.73,152.57,149.2,151.85,151.85,2170300
FANG,2026-01-23,153.61,156.25,153.2,154.02,154.02,1227500
FANG,2026-01-26,155.52,156.0,151.07,153.52,153.52,1705900
FANG,2026-01-27,153.63,159.27,153.17,159.12,159.12,2016900
FANG,2026-01-28,161.43,161.46,158.44,160.27,160.27,1748800
FANG,2026-01-29,165.0,168.48,162.85,163.07,163.07,2504900
FANG,2026-01-30,162.58,165.95,160.84,163.95,163.95,2161200
FAST,2026-01-02,40.26,40.69,39.86,40.44,40.22,7483900
FAST,2026-01-05,40.44,41.5,40.33,41.15,40.92,9442200
FAST,2026-01-06,40.89,41.8,40.75,41.54,41.31,6479100
FAST,2026-01-07,41.24,41.26,40.26,40.61,40.39,10640700
FAST,2026-01-08,40.42,42.21,40.25,41.8,41.57,8051000
FAST,2026-01-09,41.79,42.38,41.7,41.98,41.75,6328100
FAST,2026-01-12,41.85,42.26,41.56,41.7,41.47,8079600
FAST,2026-01-13,41.77,42.52,41.49,42.42,42.19,9438700
FAST,2026-01-14,42.53,42.63,41.83,42.42,42.19,9952400
FAST,2026-01-15,42.78,43.63,41.22,43.53,43.29,10715100
FAST,2026-01-16,43.37,44.02,43.23,43.74,43.5,17103700
FAST,2026-01-20,41.95,42.8,41.26,42.62,42.39,19630200
FAST,2026-01-21,42.7,44.82,42.55,44.61,44.36,12914400
FAST,2026-01-22,44.83,44.95,44.17,44.78,44.53,9297000
FAST,2026-01-23,44.74,44.91,43.84,43.89,43.65,8123700
FAST,2026-01-26,43.67,44.06,43.39,43.73,43.49,7541200
FAST,2026-01-27,43.57,44.01,43.38,43.95,43.71,4658700
FAST,2026-01-28,43.85,44.1,43.42,43.62,43.38,4645700
FAST,2026-01-29,43.49,44.13,43.08,43.32,43.32,12440800
FAST,2026-01-30,43.11,43.39,42.74,43.36,43.36,8132000
FTNT,2026-01-02,79.97,79.97,77.18,77.88,77.88,7548800
FTNT,2026-01-05,78.51,79.9,77.83,77.94,77.94,6068200
FTNT,2026-01-06,77.73,79.2,77.6,78.44,78.44,6477800
FTNT,2026-01-07,78.61,80.86,78.35,80.02,80.02,6870600
FTNT,2026-01-08,79.54,79.54,77.76,78.05,78.05,6441700
FTNT,2026-01-09,78.15,79.37,77.97,79.22,79.22,5003200
FTNT,2026-01-12,78.92,79.08,77.99,78.66,78.66,3857900
FTNT,2026-01-13,78.7,79.72,77.76,78.33,78.33,5748700
FTNT,2026-01-14,76.45,78.31,75.81,76.39,76.39,10181100
FTNT,2026-01-15,76.54,78.33,76.18,76.32,76.32,6345400
FTNT,2026-01-16,76.54,76.61,75.15,75.38,75.38,7913700
FTNT,2026-01-20,74.11,75.6,73.55,75.46,75.46,6870600
FTNT,2026-01-21,75.81,76.02,74.71,75.75,75.75,6368300
FTNT,2026-01-22,76.49,77.81,76.33,77.62,77.62,4853300
FTNT,2026-01-23,83.5,85.06,81.1,81.64,81.64,10960100
FTNT,2026-01-26,81.65,83.13,81.04,83.07,83.07,5708800
FTNT,2026-01-27,83.21,83.56,81.26,81.71,81.71,4818400
FTNT,2026-01-28,82.18,82.55,81.64,82.08,82.08,3918000
FTNT,2026-01-29,81.5,82.11,79.74,81.51,81.51,6266300
FTNT,2026-01-30,80.64,81.48,80.18,81.26,81.26,7499100
GEHC,2026-01-02,82.58,83.57,82.2,82.82,82.79,3433500
GEHC,2026-01-05,82.79,85.48,82.23,85.04,85.01,2857900
GEHC,2026-01-06,84.8,87.24,84.48,86.73,86.7,2512500
GEHC,2026-01-07,86.33,87.24,85.38,85.76,85.73,2450100
GEHC,2026-01-08,85.03,89.77,84.59,88.16,88.12,4219600
GEHC,2026-01-09,87.6,88.51,85.4,87.28,87.28,2991300
GEHC,2026-01-12,86.57,87.12,85.34,86.9,86.9,1965900
GEHC,2026-01-13,87.12,87.6,84.47,84.77,84.77,2709000
GEHC,2026-01-14,84.16,85.41,83.56,85.3,85.3,3776200
GEHC,2026-01-15,84.21,84.28,82.43,82.51,82.51,5188400
GEHC,2026-01-16,82.69,82.7,81.15,81.75,81.75,6127100
GEHC,2026-01-20,79.64,80.0,78.31,78.83,78.83,5702600
GEHC,2026-01-21,79.45,81.32,79.17,81.1,81.1,4418900
GEHC,2026-01-22,81.47,83.21,81.21,81.89,81.89,5526300
GEHC,2026-01-23,81.26,81.81,79.58,79.77,79.77,2340500
GEHC,2026-01-26,79.77,81.03,79.52,80.27,80.27,2915000
GEHC,2026-01-27,80.56,80.95,79.81,80.32,80.32,1969000
GEHC,2026-01-28,80.0,80.23,79.13,79.26,79.26,1985700
GEHC,2026-01-29,79.59,79.75,77.67,78.78,78.78,3697100
GEHC,2026-01-30,78.66,79.11,78.0,78.97,78.97,2724200
GFS,2026-01-02,35.54,36.99,35.36,36.87,36.87,3407400
GFS,2026-01-05,37.49,38.13,37.06,37.13,37.13,2964800
GFS,2026-01-06,37.53,39.75,37.53,39.41,39.41,4477700
GFS,2026-01-07,39.2,40.64,39.0,40.6,40.6,4818100
GFS,2026-01-08,39.92,40.03,38.68,38.91,38.91,2300200
GFS,2026-01-09,39.02,40.12,38.85,39.74,39.74,1905300
GFS,2026-01-12,39.57,40.71,38.96,39.89,39.89,2937500
GFS,2026-01-13,39.93,41.9,39.41,40.87,40.87,4070600
GFS,2026-01-14,40.87,42.43,40.68,41.35,41.35,4489900
GFS,2026-01-15,42.06,42.73,41.44,41.53,41.53,4342500
GFS,2026-01-16,42.08,42.36,41.19,41.24,41.24,3419700
GFS,2026-01-20,40.2,44.24,40.13,43.62,43.62,7071000
GFS,2026-01-21,44.37,46.66,44.12,45.89,45.89,6837400
GFS,2026-01-22,46.5,46.58,44.69,45.01,45.01,3999000
GFS,2026-01-23,45.01,45.03,42.72,42.85,42.85,4317400
GFS,2026-01-26,43.51,44.66,43.13,44.22,44.22,3493200
GFS,2026-01-27,46.12,48.56,46.09,47.41,47.41,5961600
GFS,2026-01-28,47.9,48.01,45.32,45.79,45.79,3739600
GFS,2026-01-29,45.37,45.84,43.33,44.46,44.46,3494800
GFS,2026-01-30,43.94,44.26,41.84,42.2,42.2,2703300
GILD,2026-01-02,122.49,122.59,121.19,121.6,121.6,4555400
GILD,2026-01-05,120.77,121.0,116.88,118.3,118.3,7039100
GILD,2026-01-06,118.22,121.99,118.22,121.36,121.36,6038000
GILD,2026-01-07,122.34,124.71,122.16,124.35,124.35,6175400
GILD,2026-01-08,124.08,125.11,119.93,120.67,120.67,6717800
GILD,2026-01-09,120.34,122.76,119.33,121.1,121.1,6629500
GILD,2026-01-12,120.58,124.48,119.63,122.6,122.6,7397000
GILD,2026-01-13,122.59,123.81,120.22,121.76,121.76,5803600
GILD,2026-01-14,121.38,124.16,121.38,124.07,124.07,4659300
GILD,2026-01-15,124.31,124.57,120.95,121.26,121.26,6659800
GILD,2026-01-16,123.8,125.12,122.1,124.91,124.91,10638900
GILD,2026-01-20,123.8,126.24,122.28,124.14,124.14,9152600
GILD,2026-01-21,123.73,129.39,122.68,129.11,129.11,7285300
GILD,2026-01-22,129.13,133.1,129.0,131.14,131.14,8550500
GILD,2026-01-23,131.26,136.3,131.0,135.93,135.93,13180900
GILD,2026-01-26,135.88,138.03,133.69,137.78,137.78,10012500
GILD,2026-01-27,137.54,141.71,137.54,140.97,140.97,10615400
GILD,2026-01-28,140.41,140.87,138.69,139.72,139.72,7317700
GILD,2026-01-29,139.75,140.51,138.23,139.55,139.55,7148000
GILD,2026-01-30,139.08,142.2,138.65,141.95,141.95,9460200
GOOG,2026-01-02,317.59,322.91,310.65,315.32,315.32,22043700
GOOG,2026-01-05,317.7,319.25,315.25,317.32,317.32,19934000
GOOG,2026-01-06,317.31,321.56,312.34,314.55,314.55,18989900
GOOG,2026-01-07,314.57,326.46,314.5,322.43,322.43,24681800
GOOG,2026-01-08,329.27,330.54,321.99,326.01,326.01,21789600
GOOG,2026-01-09,327.49,331.48,326.25,329.14,329.14,17917700
GOOG,2026-01-12,326.5,334.44,325.51,332.73,332.73,23893800
GOOG,2026-01-13,335.28,341.2,334.35,336.43,336.43,24616700
GOOG,2026-01-14,334.98,337.03,331.14,336.31,336.31,17839300
GOOG,2026-01-15,338.05,338.13,331.29,333.16,333.16,16424900
GOOG,2026-01-16,334.93,335.24,328.17,330.34,330.34,21868600
GOOG,2026-01-20,321.24,328.09,320.89,322.16,322.16,27169900
GOOG,2026-01-21,321.1,332.73,319.54,328.38,328.38,22791700
GOOG,2026-01-22,334.27,335.21,328.88,330.84,330.84,19902100
GOOG,2026-01-23,332.65,334.03,327.97,328.43,328.43,19110600
GOOG,2026-01-26,328.2,336.35,327.49,333.59,333.59,18502500
GOOG,2026-01-27,335.63,338.21,333.75,335.0,335.0,16080900
GOOG,2026-01-28,336.61,337.63,332.13,336.28,336.28,17538500
GOOG,2026-01-29,340.35,342.29,326.72,338.66,338.66,24548300
GOOG,2026-01-30,334.46,340.29,332.64,338.53,338.53,21740200
GOOGL,2026-01-02,316.9,322.5,310.33,315.15,315.15,32009400
GOOGL,2026-01-05,317.66,319.02,314.63,316.54,316.54,30195600
GOOGL,2026-01-06,316.4,320.94,311.78,314.34,314.34,31212100
GOOGL,2026-01-07,314.36,326.15,314.19,321.98,321.98,35104400
GOOGL,2026-01-08,328.97,330.32,321.5,325.44,325.44,31896100
GOOGL,2026-01-09,327.09,330.83,325.8,328.57,328.57,26214200
GOOGL,2026-01-12,325.8,334.04,325.0,331.86,331.86,33923900
GOOGL,2026-01-13,334.95,340.49,333.62,335.97,335.97,33517600
GOOGL,2026-01-14,335.06,336.52,330.48,335.84,335.84,28525600
GOOGL,2026-01-15,337.65,337.69,330.74,332.78,332.78,28442400
GOOGL,2026-01-16,334.41,334.65,327.7,330.0,330.0,40341600
GOOGL,2026-01-20,320.87,327.73,320.43,322.0,322.0,35361000
GOOGL,2026-01-21,320.92,332.48,319.35,328.38,328.38,35386600
GOOGL,2026-01-22,334.45,335.15,328.75,330.54,330.54,26253600
GOOGL,2026-01-23,332.49,333.69,327.45,327.93,327.93,27280000
GOOGL,2026-01-26,327.81,335.84,327.0,333.26,333.26,26042100
GOOGL,2026-01-27,335.37,337.91,333.48,334.55,334.55,21636200
GOOGL,2026-01-28,336.06,337.54,331.94,336.01,336.01,27434400
GOOGL,2026-01-29,340.3,342.29,326.54,338.25,338.25,39785600
GOOGL,2026-01-30,340.0,340.0,332.29,338.0,338.0,31024000
HON,2026-01-02,195.69,196.58,193.35,195.88,195.88,3156300
HON,2026-01-05,195.8,201.78,194.92,201.09,201.09,3846200
HON,2026-01-06,200.4,205.56,200.35,204.94,204.94,4005000
HON,2026-01-07,205.11,206.0,198.52,199.51,199.51,5087100
HON,2026-01-08,198.94,205.49,198.55,205.24,205.24,5192500
HON,2026-01-09,204.65,208.74,203.51,207.38,207.38,5707700
HON,2026-01-12,207.1,208.71,204.64,208.6,208.6,5521600
HON,2026-01-13,209.27,211.21,208.32,210.28,210.28,4121200
HON,2026-01-14,213.85,214.57,210.98,213.04,213.04,4421100
HON,2026-01-15,213.4,215.55,211.85,215.02,215.02,5569400
HON,2026-01-16,219.22,220.63,216.53,219.39,219.39,8529500
HON,2026-01-20,216.69,218.34,214.2,215.07,215.07,8222000
HON,2026-01-21,215.96,220.41,215.54,219.17,219.17,5655500
HON,2026-01-22,220.0,223.44,219.69,222.54,222.54,4353300
HON,2026-01-23,221.97,223.32,220.59,221.46,221.46,3819900
HON,2026-01-26,221.36,221.83,219.72,221.16,221.16,3703900
HON,2026-01-27,221.33,222.78,220.11,220.91,220.91,3520800
HON,2026-01-28,220.01,221.27,216.19,216.64,216.64,5107500
HON,2026-01-29,221.24,227.86,220.78,227.24,227.24,6945200
HON,2026-01-30,226.74,229.59,225.5,227.52,227.52,6719200
IDXX,2026-01-02,676.53,678.89,661.89,669.99,669.99,442900
IDXX,2026-01-05,670.21,684.96,667.66,682.23,682.23,518800
IDXX,2026-01-06,677.86,707.53,675.9,706.83,706.83,497500
IDXX,2026-01-07,706.08,724.99,704.72,714.55,714.55,542600
IDXX,2026-01-08,707.29,713.99,694.52,712.39,712.39,543100
IDXX,2026-01-09,707.33,717.33,706.73,713.35,713.35,511400
IDXX,2026-01-12,708.86,725.53,702.01,724.76,724.76,503000
IDXX,2026-01-13,717.91,726.41,707.88,714.04,714.04,336000
IDXX,2026-01-14,710.21,712.2,701.49,710.48,710.48,369600
IDXX,2026-01-15,711.0,715.11,707.42,712.12,712.12,320400
IDXX,2026-01-16,715.05,719.95,710.96,715.37,715.37,532100
IDXX,2026-01-20,693.79,699.48,682.85,686.02,686.02,560600
IDXX,2026-01-21,689.15,709.24,681.0,696.46,696.46,556500
IDXX,2026-01-22,697.44,703.54,688.7,691.05,691.05,453700
IDXX,2026-01-23,689.82,698.29,687.46,693.85,693.85,279300
IDXX,2026-01-26,691.04,704.72,690.45,697.82,697.82,379200
IDXX,2026-01-27,697.14,705.82,692.64,694.75,694.75,416100
IDXX,2026-01-28,686.91,694.7,679.32,687.74,687.74,426300
IDXX,2026-01-29,684.06,687.91,671.64,676.71,676.71,553400
IDXX,2026-01-30,672.79,682.99,668.99,670.46,670.46,762000
INTC,2026-01-02,37.77,39.86,37.76,39.38,39.38,95396400
INTC,2026-01-05,41.59,42.1,39.27,39.37,39.37,96665400
INTC,2026-01-06,39.86,40.31,38.95,40.04,40.04,66395100
INTC,2026-01-07,40.18,44.57,40.12,42.63,42.63,166028400
INTC,2026-01-08,42.62,43.34,40.68,41.11,41.11,88242000
INTC,2026-01-09,41.83,45.73,41.57,45.55,45.55,186691400
INTC,2026-01-12,44.24,45.45,43.89,44.06,44.06,101989100
INTC,2026-01-13,45.89,48.24,45.22,47.29,47.29,168656400
INTC,2026-01-14,48.95,49.0,47.42,48.72,48.72,148225800
INTC,2026-01-15,49.35,50.39,47.83,48.32,48.32,132328900
INTC,2026-01-16,49.27,50.21,46.71,46.96,46.96,127314700
INTC,2026-01-20,47.3,50.23,47.0,48.56,48.56,150153000
INTC,2026-01-21,50.32,54.41,50.15,54.25,54.25,220565300
INTC,2026-01-22,54.21,54.6,53.08,54.32,54.32,190066400
INTC,2026-01-23,46.86,48.13,44.45,45.07,45.07,294675400
INTC,2026-01-26,44.28,44.46,42.28,42.49,42.49,149407800
INTC,2026-01-27,43.97,44.53,43.1,43.93,43.93,121832200
INTC,2026-01-28,46.6,49.29,46.32,48.78,48.78,201995100
INTC,2026-01-29,47.56,48.77,46.99,48.66,48.66,124256600
INTC,2026-01-30,48.98,49.58,45.96,46.47,46.47,114920100
INTU,2026-01-02,660.6,661.99,622.23,629.46,628.3,2738700
INTU,2026-01-05,629.46,639.52,619.7,633.84,632.67,2170700
INTU,2026-01-06,630.2,649.24,627.72,647.2,646.01,2564200
INTU,2026-01-07,650.0,657.24,645.59,651.15,649.95,1396400
INTU,2026-01-08,640.6,657.81,638.75,652.75,651.55,1651400
INTU,2026-01-09,650.45,652.71,636.0,646.9,646.9,1304600
INTU,2026-01-12,640.1,642.96,628.64,635.44,635.44,1601200
INTU,2026-01-13,632.1,637.26,604.39,605.28,605.28,2656800
INTU,2026-01-14,590.99,592.66,556.66,566.6,566.6,4834000
INTU,2026-01-15,565.78,571.34,551.63,554.58,554.58,3405000
INTU,2026-01-16,552.78,554.0,535.1,545.29,545.29,4773200
INTU,2026-01-20,537.76,540.91,526.74,528.95,528.95,3588800
INTU,2026-01-21,532.0,537.42,520.69,524.92,524.92,2643600
INTU,2026-01-22,526.84,548.25,526.84,547.69,547.69,3228300
INTU,2026-01-23,546.82,564.57,545.72,563.97,563.97,3274000
INTU,2026-01-26,564.15,569.38,561.68,561.77,561.77,2111600
INTU,2026-01-27,560.58,561.57,537.34,545.4,545.4,2459200
INTU,2026-01-28,548.77,553.0,537.35,538.7,538.7,2261400
INTU,2026-01-29,512.46,513.72,491.72,502.98,502.98,5915400
INTU,2026-01-30,501.5,506.11,496.66,498.92,498.92,3885500
ISRG,2026-01-02,566.78,567.39,555.4,561.98,561.98,1298000
ISRG,2026-01-05,561.15,567.08,558.0,566.38,566.38,1395000
ISRG,2026-01-06,565.0,594.62,564.35,592.85,592.85,2629500
ISRG,2026-01-07,592.89,603.88,590.8,592.27,592.27,1863500
ISRG,2026-01-08,582.69,589.95,582.69,585.08,585.08,1491200
ISRG,2026-01-09,587.32,589.58,579.62,586.24,586.24,1490700
ISRG,2026-01-12,581.97,582.19,566.8,572.75,572.75,1826000
ISRG,2026-01-13,571.45,572.59,556.04,561.82,561.82,1515800
ISRG,2026-01-14,533.96,551.0,528.0,546.76,546.76,3602100
ISRG,2026-01-15,553.74,553.74,535.69,541.34,541.34,1909000
ISRG,2026-01-16,542.0,543.0,532.63,535.0,535.0,3015500
ISRG,2026-01-20,527.0,532.61,525.23,527.44,527.44,2149700
ISRG,2026-01-21,527.59,530.05,518.64,523.69,523.69,2033900
ISRG,2026-01-22,525.41,532.0,522.72,525.81,525.81,2911800
ISRG,2026-01-23,530.0,540.0,521.18,523.99,523.99,2799100
ISRG,2026-01-26,523.95,533.97,518.65,528.81,528.81,2565100
ISRG,2026-01-27,532.61,535.0,523.54,525.04,525.04,1503500
ISRG,2026-01-28,523.91,529.36,520.24,522.04,522.04,1851300
ISRG,2026-01-29,521.17,522.0,502.48,507.55,507.55,2167100
ISRG,2026-01-30,506.7,511.03,501.39,504.22,504.22,1698300
KDP,2026-01-02,27.82,27.97,27.69,27.73,27.73,9152700
KDP,2026-01-05,27.64,27.7,27.05,27.32,27.32,12995500
KDP,2026-01-06,27.23,27.48,26.97,27.34,27.34,9694900
KDP,2026-01-07,27.36,27.49,27.09,27.25,27.25,9319400
KDP,2026-01-08,27.17,27.86,27.14,27.61,27.61,7437100
KDP,2026-01-09,27.52,28.01,27.47,27.79,27.79,6849300
KDP,2026-01-12,27.68,27.98,27.54,27.7,27.7,10714300
KDP,2026-01-13,27.66,27.97,27.48,27.72,27.72,8231100
KDP,2026-01-14,27.75,28.36,27.68,28.12,28.12,11545800
KDP,2026-01-15,28.1,28.22,27.87,27.9,27.9,9984300
KDP,2026-01-16,27.92,27.93,27.32,27.41,27.41,17315100
KDP,2026-01-20,27.26,28.12,27.08,27.95,27.95,16865300
KDP,2026-01-21,27.88,28.08,27.39,27.7,27.7,10055600
KDP,2026-01-22,27.67,27.72,27.33,27.55,27.55,12133700
KDP,2026-01-23,27.57,27.85,27.46,27.76,27.76,9761200
KDP,2026-01-26,27.74,27.78,27.48,27.7,27.7,7923300
KDP,2026-01-27,27.59,27.64,27.21,27.59,27.59,9154600
KDP,2026-01-28,27.54,27.76,26.4,26.71,26.71,12373100
KDP,2026-01-29,26.77,27.02,26.64,26.82,26.82,12411700
KDP,2026-01-30,26.82,27.53,26.77,27.44,27.44,11489500
KHC,2026-01-02,24.29,24.56,24.06,24.39,24.39,12839500
KHC,2026-01-05,24.31,24.36,23.73,23.77,23.77,18653000
KHC,2026-01-06,23.83,23.83,23.46,23.51,23.51,16590800
KHC,2026-01-07,23.61,23.67,22.99,23.01,23.01,19272100
KHC,2026-01-08,22.99,23.58,22.91,23.43,23.43,15058900
KHC,2026-01-09,23.45,23.64,23.17,23.42,23.42,12199600
KHC,2026-01-12,23.46,23.65,23.36,23.39,23.39,12955400
KHC,2026-01-13,23.39,23.65,23.37,23.51,23.51,8219500
KHC,2026-01-14,23.5,24.48,23.49,24.32,24.32,16922600
KHC,2026-01-15,24.24,24.32,24.01,24.24,24.24,11696200
KHC,2026-01-16,23.84,23.9,23.5,23.53,23.53,14774000
KHC,2026-01-20,23.41,23.93,23.19,23.76,23.76,17947000
KHC,2026-01-21,22.23,22.8,21.99,22.4,22.4,40776200
KHC,2026-01-22,22.29,22.78,22.25,22.72,22.72,18640500
KHC,2026-01-23,22.68,23.24,22.67,23.2,23.2,14248200
KHC,2026-01-26,23.2,23.73,23.2,23.58,23.58,14882800
KHC,2026-01-27,23.53,23.91,23.46,23.7,23.7,19464400
KHC,2026-01-28,23.68,23.85,22.99,23.19,23.19,14190500
KHC,2026-01-29,23.25,23.47,22.98,23.14,23.14,18069900
KHC,2026-01-30,23.2,23.76,23.05,23.74,23.74,21990800
KLAC,2026-01-02,1259.71,1283.99,1250.55,1274.47,1274.47,832100
KLAC,2026-01-05,1309.97,1371.89,1304.0,1352.45,1352.45,1319900
KLAC,2026-01-06,1369.31,1406.97,1365.28,1395.0,1395.0,1141400
KLAC,2026-01-07,1369.07,1380.0,1352.54,1359.69,1359.69,904500
KLAC,2026-01-08,1351.27,1353.81,1309.2,1324.6,1324.6,948500
KLAC,2026-01-09,1357.42,1404.46,1336.0,1400.0,1400.0,1102400
KLAC,2026-01-12,1386.63,1432.25,1386.63,1428.17,1428.17,855600
KLAC,2026-01-13,1461.0,1469.86,1433.2,1441.82,1441.82,996600
KLAC,2026-01-14,1430.87,1434.79,1396.1,1434.5,1434.5,896500
KLAC,2026-01-15,1538.0,1571.49,1525.0,1544.96,1544.96,1657600
KLAC,2026-01-16,1574.67,1581.34,1535.1,1567.82,1567.82,1531700
KLAC,2026-01-20,1525.4,1555.26,1484.34,1486.18,1486.18,1734000
KLAC,2026-01-21,1507.25,1541.25,1480.44,1520.0,1520.0,1499900
KLAC,2026-01-22,1549.14,1556.58,1497.88,1500.0,1500.0,1026000
KLAC,2026-01-23,1484.23,1512.97,1451.82,1512.78,1512.78,1010200
KLAC,2026-01-26,1512.44,1556.72,1490.55,1543.03,1543.03,1259900
KLAC,2026-01-27,1561.5,1618.19,1555.0,1616.33,1616.33,1174200
KLAC,2026-01-28,1634.46,1650.0,1600.97,1627.2,1627.2,1091500
KLAC,2026-01-29,1642.93,1693.35,1608.21,1684.71,1684.71,1506400
KLAC,2026-01-30,1540.0,1585.0,1416.84,1427.94,1427.94,2788100
LIN,2026-01-02,426.28,430.81,422.08,429.11,429.11,2202400
LIN,2026-01-05,425.61,433.99,424.07,433.1,433.1,2617800
LIN,2026-01-06,434.07,439.0,433.46,437.16,437.16,2359400
LIN,2026-01-07,436.91,439.02,432.89,434.14,434.14,2322200
LIN,2026-01-08,433.44,442.43,432.41,439.69,439.69,2801600
LIN,2026-01-09,437.82,445.05,437.17,444.08,444.08,1787900
LIN,2026-01-12,442.38,445.98,439.39,443.63,443.63,2284900
LIN,2026-01-13,443.97,444.67,440.09,442.9,442.9,1790300
LIN,2026-01-14,441.83,444.36,437.9,439.98,439.98,2542000
LIN,2026-01-15,441.78,444.0,437.74,440.04,440.04,2336600
LIN,2026-01-16,439.46,440.53,435.66,438.96,438.96,3297000
LIN,2026-01-20,434.32,434.91,429.17,433.15,433.15,2958400
LIN,2026-01-21,433.47,440.95,433.03,439.35,439.35,2633300
LIN,2026-01-22,439.85,447.29,439.85,445.64,445.64,2214000
LIN,2026-01-23,443.24,451.98,443.07,451.57,451.57,1639000
LIN,2026-01-26,452.63,455.58,452.15,455.03,455.03,1945500
LIN,2026-01-27,455.03,457.0,452.44,453.03,453.03,1929100
LIN,2026-01-28,452.68,453.49,449.0,451.5,451.5,2281300
LIN,2026-01-29,452.91,456.04,448.16,455.0,455.0,2717200
LIN,2026-01-30,452.63,457.37,451.59,456.97,456.97,2816700
LRCX,2026-01-02,177.85,185.78,177.5,185.06,185.06,11957400
LRCX,2026-01-05,190.12,198.36,190.12,194.76,194.76,16268200
LRCX,2026-01-06,197.79,210.45,197.15,206.96,206.96,18787600
LRCX,2026-01-07,202.58,205.38,199.8,203.08,203.08,15121000
LRCX,2026-01-08,202.87,203.22,195.04,200.96,200.96,13928600
LRCX,2026-01-09,204.66,219.59,202.72,218.36,218.36,16758600
LRCX,2026-01-12,216.12,222.58,215.18,220.4,220.4,10749100
LRCX,2026-01-13,219.42,220.57,213.39,214.38,214.38,12737000
LRCX,2026-01-14,211.13,211.31,206.61,208.79,208.79,18187200
LRCX,2026-01-15,228.15,229.57,217.21,217.47,217.47,15249800
LRCX,2026-01-16,221.9,225.69,219.0,222.96,222.96,14392700
LRCX,2026-01-20,218.21,226.15,217.61,222.41,222.41,11601700
LRCX,2026-01-21,223.05,232.9,220.66,228.39,228.39,12454800
LRCX,2026-01-22,235.56,236.1,219.76,220.7,220.7,11958600
LRCX,2026-01-23,217.87,223.36,213.87,217.94,217.94,10156800
LRCX,2026-01-26,218.98,225.35,215.93,222.87,222.87,10625600
LRCX,2026-01-27,230.63,239.5,228.76,238.46,238.46,12005900
LRCX,2026-01-28,241.27,243.99,237.14,239.58,239.58,15630600
LRCX,2026-01-29,245.61,251.38,236.82,248.17,248.17,16801600
LRCX,2026-01-30,244.26,251.87,232.0,233.46,233.46,18352900
LULU,2026-01-02,209.22,212.08,208.56,210.81,210.81,2415700
LULU,2026-01-05,211.44,216.45,211.07,212.4,212.4,3173100
LULU,2026-01-06,212.4,216.46,209.99,215.88,215.88,3105900
LULU,2026-01-07,215.85,216.75,209.37,211.72,211.72,2343200
LULU,2026-01-08,209.75,217.22,209.46,212.17,212.17,2750600
LULU,2026-01-09,213.0,213.63,200.45,203.9,203.9,5732800
LULU,2026-01-12,203.3,211.42,202.0,209.04,209.04,4200900
LULU,2026-01-13,208.9,214.15,208.37,211.9,211.9,2417000
LULU,2026-01-14,211.33,215.0,202.18,203.14,203.14,2628600
LULU,2026-01-15,203.46,205.84,201.0,205.01,205.01,2422600
LULU,2026-01-16,204.39,205.07,201.5,201.87,201.87,3642300
LULU,2026-01-20,198.41,201.29,188.55,188.76,188.76,4306200
LULU,2026-01-21,188.91,193.29,186.9,189.84,189.84,2523200
LULU,2026-01-22,190.91,196.28,190.87,194.66,194.66,2080600
LULU,2026-01-23,192.71,194.89,191.0,191.07,191.07,1719900
LULU,2026-01-26,191.01,195.74,189.16,192.79,192.79,1885800
LULU,2026-01-27,192.0,192.49,186.18,186.39,186.39,2632300
LULU,2026-01-28,186.52,187.49,179.2,180.35,180.35,2872100
LULU,2026-01-29,179.62,180.0,171.3,172.54,172.54,3543700
LULU,2026-01-30,173.76,175.4,171.25,174.5,174.5,2735200
MAR,2026-01-02,310.55,314.3,309.0,313.41,313.41,1060600
MAR,2026-01-05,311.82,316.32,308.31,311.03,311.03,2174500
MAR,2026-01-06,309.95,322.6,309.6,321.86,321.86,1601100
MAR,2026-01-07,319.74,322.24,317.53,319.26,319.26,1347200
MAR,2026-01-08,317.65,325.71,316.7,324.91,324.91,1265300
MAR,2026-01-09,326.96,331.09,326.53,328.18,328.18,1463800
MAR,2026-01-12,325.15,325.15,319.01,323.35,323.35,1397700
MAR,2026-01-13,322.97,325.47,319.83,322.96,322.96,1233300
MAR,2026-01-14,321.05,322.05,314.75,319.68,319.68,1442000
MAR,2026-01-15,322.36,329.69,322.36,325.79,325.79,2121600
MAR,2026-01-16,326.71,327.75,322.07,325.88,325.88,1903400
MAR,2026-01-20,320.68,321.96,312.67,313.84,313.84,1756000
MAR,2026-01-21,314.83,321.84,312.59,320.56,320.56,1984600
MAR,2026-01-22,322.99,327.2,320.71,321.67,321.67,1575600
MAR,2026-01-23,319.31,320.74,316.69,319.7,319.7,1368300
MAR,2026-01-26,317.59,319.47,313.0,316.7,316.7,1247600
MAR,2026-01-27,315.84,316.35,313.26,313.95,313.95,954000
MAR,2026-01-28,315.08,316.0,311.57,312.07,312.07,1264100
MAR,2026-01-29,312.49,320.75,312.49,319.77,319.77,1698200
MAR,2026-01-30,316.72,318.95,313.25,315.3,315.3,1325100
MCHP,2026-01-02,65.26,65.87,64.15,65.03,65.03,7789800
MCHP,2026-01-05,65.35,68.84,65.3,67.06,67.06,9261200
MCHP,2026-01-06,70.56,75.29,70.56,74.87,74.87,18540100
MCHP,2026-01-07,73.06,74.02,71.89,73.94,73.94,9813500
MCHP,2026-01-08,73.4,73.74,71.7,73.53,73.53,8440400
MCHP,2026-01-09,74.03,76.06,73.51,75.22,75.22,9124300
MCHP,2026-01-12,75.32,75.32,73.21,73.39,73.39,6982500
MCHP,2026-01-13,73.51,75.14,73.41,74.07,74.07,5453700
MCHP,2026-01-14,73.99,75.01,73.51,74.68,74.68,5298500
MCHP,2026-01-15,75.23,76.0,74.41,74.45,74.45,6994200
MCHP,2026-01-16,75.43,75.66,74.33,74.7,74.7,7005300
MCHP,2026-01-20,73.11,74.35,72.28,73.17,73.17,11046300
MCHP,2026-01-21,74.17,76.74,73.77,76.2,76.2,11834300
MCHP,2026-01-22,79.01,79.5,75.16,75.47,75.47,12631100
MCHP,2026-01-23,75.78,75.94,73.41,74.71,74.71,7546300
MCHP,2026-01-26,74.71,75.3,73.95,74.79,74.79,7783900
MCHP,2026-01-27,75.12,76.28,75.03,75.16,75.16,6144100
MCHP,2026-01-28,79.82,81.43,78.73,80.28,80.28,14809600
MCHP,2026-01-29,79.89,80.88,76.07,79.36,79.36,7821700
MCHP,2026-01-30,78.33,78.56,75.08,75.92,75.92,12510700
MDB,2026-01-02,422.5,423.5,392.5,399.65,399.65,2555100
MDB,2026-01-05,404.01,423.71,400.86,420.82,420.82,1669100
MDB,2026-01-06,420.52,436.42,418.94,435.86,435.86,1740100
MDB,2026-01-07,435.01,444.72,433.01,440.6,440.6,1381800
MDB,2026-01-08,440.51,444.0,411.55,413.52,413.52,1578400
MDB,2026-01-09,414.78,420.8,407.73,408.12,408.12,1191000
MDB,2026-01-12,408.12,419.27,404.6,418.19,418.19,1087800
MDB,2026-01-13,417.73,424.23,409.7,411.19,411.19,1521500
MDB,2026-01-14,409.36,410.36,385.45,386.89,386.89,1627600
MDB,2026-01-15,388.31,410.74,384.0,389.2,389.2,2262800
MDB,2026-01-16,390.64,413.72,386.75,399.76,399.76,1988000
MDB,2026-01-20,389.87,400.92,380.25,384.82,384.82,1534600
MDB,2026-01-21,387.22,390.89,380.19,381.44,381.44,1093100
MDB,2026-01-22,387.6,404.99,387.14,404.64,404.64,1088700
MDB,2026-01-23,406.61,408.21,396.89,398.69,398.69,1047200
MDB,2026-01-26,401.85,413.58,399.83,411.25,411.25,958300
MDB,2026-01-27,420.0,423.48,410.21,411.89,411.89,703000
MDB,2026-01-28,417.07,426.32,409.44,411.04,411.04,863800
MDB,2026-01-29,395.4,398.0,362.9,374.02,374.02,2745000
MDB,2026-01-30,375.82,381.83,368.24,371.33,371.33,1603900
MDLZ,2026-01-02,53.94,54.28,53.41,53.65,53.65,10842000
MDLZ,2026-01-05,53.36,53.87,52.79,53.74,53.74,15822000
MDLZ,2026-01-06,53.48,53.65,52.7,52.73,52.73,11217500
MDLZ,2026-01-07,52.85,53.08,51.44,51.51,51.51,13171600
MDLZ,2026-01-08,51.4,54.09,51.2,53.99,53.99,15509500
MDLZ,2026-01-09,53.99,55.24,53.55,55.09,55.09,9908600
MDLZ,2026-01-12,55.12,55.4,54.73,54.92,54.92,11636500
MDLZ,2026-01-13,55.2,56.05,54.81,55.94,55.94,9870400
MDLZ,2026-01-14,55.79,57.32,55.71,57.23,57.23,12569400
MDLZ,2026-01-15,57.14,57.57,56.87,57.3,57.3,8080600
MDLZ,2026-01-16,57.22,57.56,56.61,57.24,57.24,12019100
MDLZ,2026-01-20,57.13,58.33,56.83,57.99,57.99,13063700
MDLZ,2026-01-21,57.67,58.0,56.68,57.35,57.35,12515300
MDLZ,2026-01-22,57.26,58.21,57.21,57.58,57.58,11525500
MDLZ,2026-01-23,57.49,58.43,57.44,58.4,58.4,10550600
MDLZ,2026-01-26,58.29,58.91,57.99,58.53,58.53,9762400
MDLZ,2026-01-27,58.3,60.2,58.25,59.02,59.02,10450600
MDLZ,2026-01-28,58.98,59.59,57.36,57.73,57.73,9809400
MDLZ,2026-01-29,57.92,58.46,57.13,57.31,57.31,11868700
MDLZ,2026-01-30,57.11,58.53,56.99,58.47,58.47,11539900
MELI,2026-01-02,2027.55,2035.0,1968.88,1973.7,1973.7,502500
MELI,2026-01-05,2011.94,2211.93,2010.9,2148.62,2148.62,1072900
MELI,2026-01-06,2142.17,2239.95,2138.0,2187.04,2187.04,689200
MELI,2026-01-07,2187.04,2188.49,2130.0,2162.61,2162.61,383100
MELI,2026-01-08,2176.7,2200.7,2160.02,2179.8,2179.8,340500
MELI,2026-01-09,2191.5,2193.06,2162.0,2178.41,2178.41,309200
MELI,2026-01-12,2164.27,2165.03,2122.57,2149.9,2149.9,408500
MELI,2026-01-13,2127.21,2130.15,2030.91,2073.57,2073.57,689900
MELI,2026-01-14,2055.7,2108.0,2041.02,2101.95,2101.95,500100
MELI,2026-01-15,2137.12,2151.46,2084.62,2098.85,2098.85,425200
MELI,2026-01-16,2104.74,2110.04,2061.62,2075.01,2075.01,546800
MELI,2026-01-20,2049.04,2110.36,2028.21,2034.82,2034.82,535800
MELI,2026-01-21,2045.0,2093.51,2032.01,2057.77,2057.77,942900
MELI,2026-01-22,2113.41,2166.0,2111.01,2153.75,2153.75,872900
MELI,2026-01-23,2145.0,2153.46,2100.31,2137.29,2137.29,467100
MELI,2026-01-26,2131.47,2241.99,2127.97,2212.62,2212.62,539100
MELI,2026-01-27,2222.0,2302.46,2205.0,2295.0,2295.0,569400
MELI,2026-01-28,2303.91,2342.0,2266.35,2268.6,2268.6,486000
MELI,2026-01-29,2268.98,2292.34,2209.93,2218.14,2218.14,418500
MELI,2026-01-30,2200.0,2226.68,2129.0,2147.79,2147.79,558600
META,2026-01-02,662.73,664.39,643.5,650.41,650.41,13726500
META,2026-01-05,651.01,664.54,647.75,658.79,658.79,12213700
META,2026-01-06,659.57,665.52,651.9,660.62,660.62,11074400
META,2026-01-07,655.64,659.15,644.81,648.69,648.69,12846300
META,2026-01-08,645.88,647.1,635.72,646.06,646.06,11921700
META,2026-01-09,645.44,654.95,642.85,653.06,653.06,11634900
META,2026-01-12,652.53,653.97,641.23,641.97,641.97,14797200
META,2026-01-13,642.27,642.27,624.1,631.09,631.09,18030400
META,2026-01-14,626.5,628.45,614.82,615.52,615.52,15527900
META,2026-01-15,618.48,624.17,614.23,620.8,620.8,13076100
META,2026-01-16,624.18,629.08,620.08,620.25,620.25,17012500
META,2026-01-20,607.88,611.4,600.0,604.12,604.12,15169600
META,2026-01-21,606.74,618.27,600.08,612.96,612.96,14494700
META,2026-01-22,629.35,660.57,626.55,647.63,647.63,21394700
META,2026-01-23,644.77,666.49,644.45,658.76,658.76,22797700
META,2026-01-26,665.13,675.28,661.29,672.36,672.36,16327400
META,2026-01-27,674.59,676.82,664.66,672.97,672.97,13297400
META,2026-01-28,674.5,677.68,666.1,668.73,668.73,25709600
META,2026-01-29,737.43,744.0,712.55,738.31,738.31,59852900
META,2026-01-30,727.5,732.17,713.59,716.5,716.5,23744600
MNST,2026-01-02,76.67,76.86,75.88,76.16,76.16,4474300
MNST,2026-01-05,76.18,76.24,75.12,75.67,75.67,4740500
MNST,2026-01-06,75.67,75.97,75.26,75.72,75.72,4395700
MNST,2026-01-07,75.46,77.03,74.87,76.15,76.15,6318600
MNST,2026-01-08,75.85,77.74,75.5,76.6,76.6,3564500
MNST,2026-01-09,76.49,77.52,76.18,77.34,77.34,3568500
MNST,2026-01-12,77.45,78.09,77.13,77.5,77.5,4974200
MNST,2026-01-13,77.48,78.81,77.28,78.43,78.43,6694800
MNST,2026-01-14,78.04,78.69,76.87,77.73,77.73,7562800
MNST,2026-01-15,78.09,79.01,77.64,77.91,77.91,5519300
MNST,2026-01-16,78.57,78.74,77.78,78.17,78.17,7605000
MNST,2026-01-20,78.39,81.62,77.53,81.47,81.47,7338700
MNST,2026-01-21,81.32,81.76,79.89,81.6,81.6,8643400
MNST,2026-01-22,81.6,81.81,80.61,80.89,80.89,5713800
MNST,2026-01-23,80.64,82.19,80.3,82.0,82.0,4393500
MNST,2026-01-26,82.7,83.24,81.08,81.16,81.16,5944000
MNST,2026-01-27,81.16,81.59,80.73,81.41,81.41,4494800
MNST,2026-01-28,81.26,81.63,80.25,80.92,80.92,4329200
MNST,2026-01-29,80.92,81.46,79.96,80.04,80.04,3942000
MNST,2026-01-30,79.98,80.84,79.53,80.76,80.76,6093700
MRNA,2026-01-02,29.83,31.34,29.81,30.86,30.86,9583000
MRNA,2026-01-05,31.33,32.53,31.27,32.17,32.17,10030300
MRNA,2026-01-06,32.38,36.26,32.28,35.66,35.66,20701900
MRNA,2026-01-07,34.5,37.1,34.42,35.89,35.89,13854500
MRNA,2026-01-08,35.44,35.56,33.72,33.86,33.86,9218100
MRNA,2026-01-09,34.3,35.41,33.94,34.3,34.3,7551300
MRNA,2026-01-12,34.4,34.66,32.37,33.84,33.84,9438100
MRNA,2026-01-13,34.38,39.71,34.05,39.6,39.6,24707700
MRNA,2026-01-14,39.73,41.98,39.3,40.58,40.58,19502300
MRNA,2026-01-15,40.58,40.99,39.25,39.36,39.36,10213800
MRNA,2026-01-16,41.6,42.39,40.55,41.83,41.83,11891100
MRNA,2026-01-20,41.12,43.04,40.7,43.0,43.0,12604300
MRNA,2026-01-21,43.5,50.0,43.34,49.81,49.81,22612300
MRNA,2026-01-22,50.24,55.2,50.05,51.87,51.87,34243500
MRNA,2026-01-23,49.81,50.41,46.84,48.71,48.71,19929700
MRNA,2026-01-26,49.47,49.48,46.59,47.99,47.99,11291500
MRNA,2026-01-27,48.09,51.18,45.03,45.45,45.45,15262200
MRNA,2026-01-28,45.48,45.97,43.55,45.3,45.3,10617300
MRNA,2026-01-29,45.88,47.85,45.72,46.86,46.86,10768700
MRNA,2026-01-30,45.98,46.34,43.43,44.07,44.07,10960700
MRVL,2026-01-02,86.74,90.08,86.6,89.39,89.33,14987500
MRVL,2026-01-05,93.02,93.97,88.12,90.23,90.17,21328400
MRVL,2026-01-06,92.7,94.2,86.77,88.23,88.17,24322700
MRVL,2026-01-07,86.52,86.54,83.59,84.64,84.58,17230800
MRVL,2026-01-08,84.7,84.92,82.88,83.45,83.39,10695900
MRVL,2026-01-09,84.03,84.45,82.19,83.22,83.22,13486300
MRVL,2026-01-12,82.42,83.75,82.08,82.89,82.89,10146600
MRVL,2026-01-13,83.51,84.06,82.75,83.05,83.05,9133500
MRVL,2026-01-14,82.96,83.0,79.27,81.21,81.21,15295700
MRVL,2026-01-15,82.72,82.94,80.0,80.38,80.38,16593500
MRVL,2026-01-16,81.45,82.48,80.3,80.46,80.46,15011200
MRVL,2026-01-20,79.31,83.48,79.02,79.8,79.8,18688000
MRVL,2026-01-21,80.4,84.29,80.4,82.55,82.55,17134300
MRVL,2026-01-22,84.47,85.35,82.74,83.1,83.1,12997600
MRVL,2026-01-23,81.22,82.02,79.72,80.23,80.23,13924600
MRVL,2026-01-26,79.82,83.44,79.56,81.77,81.77,12464600
MRVL,2026-01-27,82.87,83.74,81.3,82.93,82.93,11307900
MRVL,2026-01-28,84.58,85.47,82.7,83.62,83.62,10311000
MRVL,2026-01-29,81.94,82.44,78.3,81.34,81.34,13944900
MRVL,2026-01-30,80.05,81.7,78.18,78.92,78.92,12581400
MSFT,2026-01-02,484.39,484.66,470.16,472.94,472.94,25571600
MSFT,2026-01-05,474.06,476.07,469.5,472.85,472.85,25250300
MSFT,2026-01-06,473.8,478.74,469.75,478.51,478.51,23037700
MSFT,2026-01-07,479.76,489.7,477.95,483.47,483.47,25564200
MSFT,2026-01-08,481.24,482.66,475.86,478.11,478.11,18162600
MSFT,2026-01-09,474.06,479.82,472.2,479.28,479.28,18491000
MSFT,2026-01-12,476.67,480.99,475.68,477.18,477.18,23519900
MSFT,2026-01-13,474.68,475.78,465.95,470.67,470.67,28545800
MSFT,2026-01-14,466.46,468.2,457.17,459.38,459.38,28184300
MSFT,2026-01-15,464.12,464.25,455.9,456.66,456.66,23225800
MSFT,2026-01-16,457.83,463.19,456.48,459.86,459.86,34246700
MSFT,2026-01-20,451.22,456.8,449.28,454.52,454.52,26130000
MSFT,2026-01-21,452.6,452.69,438.68,444.11,444.11,37980500
MSFT,2026-01-22,447.62,452.84,444.7,451.14,451.14,25349400
MSFT,2026-01-23,451.87,471.1,450.53,465.95,465.95,38000200
MSFT,2026-01-26,465.31,474.25,462.0,470.28,470.28,29291200
MSFT,2026-01-27,473.7,482.87,473.16,480.58,480.58,29213900
MSFT,2026-01-28,483.21,483.74,478.0,481.63,481.63,36875400
MSFT,2026-01-29,439.99,442.5,421.02,433.5,433.5,128855300
MSFT,2026-01-30,439.17,439.6,426.45,430.29,430.29,58566800
MU,2026-01-02,295.13,315.6,294.86,315.42,315.42,42604300
MU,2026-01-05,325.13,325.53,309.55,312.15,312.15,34608600
MU,2026-01-06,318.28,344.55,318.06,343.43,343.43,48732400
MU,2026-01-07,340.71,346.3,337.18,339.55,339.55,32781100
MU,2026-01-08,342.9,343.66,321.36,327.02,327.02,33897700
MU,2026-01-09,332.75,345.8,326.19,345.09,345.09,33387500
MU,2026-01-12,340.55,348.47,339.32,345.87,345.87,23152600
MU,2026-01-13,346.27,351.23,335.22,338.13,338.13,23881300
MU,2026-01-14,334.84,339.1,328.2,333.35,333.35,20277200
MU,2026-01-15,345.33,347.77,336.27,336.63,336.63,25370200
MU,2026-01-16,353.1,365.81,352.04,362.75,362.75,47901900
MU,2026-01-20,364.68,381.56,361.35,365.0,365.0,49744900
MU,2026-01-21,372.85,394.2,366.73,389.11,389.11,56712800
MU,2026-01-22,396.64,397.78,376.92,397.58,397.58,39607600
MU,2026-01-23,397.16,412.43,390.74,399.65,399.65,35404200
MU,2026-01-26,395.5,398.0,384.3,389.09,389.09,29193900
MU,2026-01-27,404.61,416.45,399.6,410.24,410.24,36212100
MU,2026-01-28,422.44,438.94,417.0,435.28,435.28,42725700
MU,2026-01-29,439.37,444.71,417.7,435.79,435.79,42675700
MU,2026-01-30,446.47,455.5,407.13,414.88,414.88,51022900
NFLX,2026-01-02,94.13,94.13,90.81,90.99,90.99,41155400
NFLX,2026-01-05,90.92,92.63,90.84,91.46,91.46,39183300
NFLX,2026-01-06,91.54,91.64,89.74,90.65,90.65,43331000
NFLX,2026-01-07,91.56,92.42,90.06,90.73,90.73,36525700
NFLX,2026-01-08,90.45,91.25,89.58,90.53,90.53,40068700
NFLX,2026-01-09,90.03,90.05,88.32,89.46,89.46,55579500
NFLX,2026-01-12,89.69,90.34,89.33,89.41,89.41,36290600
NFLX,2026-01-13,89.44,91.15,89.07,90.32,90.32,45221100
NFLX,2026-01-14,91.24,91.58,87.95,88.55,88.55,49737700
NFLX,2026-01-15,89.02,89.89,87.82,88.05,88.05,36945100
NFLX,2026-01-16,88.34,88.51,87.78,88.0,88.0,48130500
NFLX,2026-01-20,88.97,89.9,87.02,87.26,87.26,109729700
NFLX,2026-01-21,82.52,86.0,81.93,85.36,85.36,127940700
NFLX,2026-01-22,85.02,85.1,82.98,83.54,83.54,69113300
NFLX,2026-01-23,83.43,86.3,83.28,86.12,86.12,64520400
NFLX,2026-01-26,86.92,86.94,85.35,85.7,85.7,40941900
NFLX,2026-01-27,85.28,85.6,83.88,85.58,85.58,37790800
NFLX,2026-01-28,85.63,86.47,84.3,84.64,84.64,37762600
NFLX,2026-01-29,84.31,84.38,82.35,83.16,83.16,42278100
NFLX,2026-01-30,83.1,84.06,82.78,83.49,83.49,45755000
NVDA,2026-01-02,189.84,192.93,188.26,188.85,188.85,148240500
NVDA,2026-01-05,191.76,193.63,186.15,188.12,188.12,183529700
NVDA,2026-01-06,190.52,192.17,186.82,187.24,187.24,176862600
NVDA,2026-01-07,188.57,191.37,186.56,189.11,189.11,153543200
NVDA,2026-01-08,189.11,189.55,183.71,185.04,185.04,172457000
NVDA,2026-01-09,185.08,186.34,183.67,184.86,184.86,131327500
NVDA,2026-01-12,183.22,187.12,183.02,184.94,184.94,137968500
NVDA,2026-01-13,185.0,188.11,183.4,185.81,185.81,160128900
NVDA,2026-01-14,184.32,184.46,180.8,183.14,183.14,159586100
NVDA,2026-01-15,186.5,189.7,186.33,187.05,187.05,206188600
NVDA,2026-01-16,189.08,190.44,186.08,186.23,186.23,187967200
NVDA,2026-01-20,181.9,182.38,177.61,178.07,178.07,223345300
NVDA,2026-01-21,179.05,185.38,178.4,183.32,183.32,200381000
NVDA,2026-01-22,184.75,186.17,183.93,184.84,184.84,139636600
NVDA,2026-01-23,187.5,189.6,186.82,187.67,187.67,142748100
NVDA,2026-01-26,187.16,189.12,185.99,186.47,186.47,124799600
NVDA,2026-01-27,187.24,190.0,185.7,188.52,188.52,143711600
NVDA,2026-01-28,191.27,192.35,189.84,191.52,191.52,148552700
NVDA,2026-01-29,191.34,193.48,186.06,192.51,192.51,171764400
NVDA,2026-01-30,191.21,194.49,189.47,191.13,191.13,179489500
NXPI,2026-01-02,220.61,223.61,219.44,221.28,221.28,2896000
NXPI,2026-01-05,221.85,230.42,221.85,223.88,223.88,2856300
NXPI,2026-01-06,228.3,246.89,228.3,245.95,245.95,4418000
NXPI,2026-01-07,241.61,244.3,236.17,239.34,239.34,2798300
NXPI,2026-01-08,236.31,239.43,231.84,237.89,237.89,2168100
NXPI,2026-01-09,237.36,242.88,236.4,241.15,241.15,2732500
NXPI,2026-01-12,238.23,240.4,235.69,238.33,238.33,2333200
NXPI,2026-01-13,238.33,240.31,237.2,239.09,239.09,1748900
NXPI,2026-01-14,236.62,240.91,235.33,240.81,240.81,1986700
NXPI,2026-01-15,242.39,243.46,236.55,238.6,238.6,2314400
NXPI,2026-01-16,241.55,242.11,236.89,237.11,237.11,2676600
NXPI,2026-01-20,231.0,234.82,228.76,230.7,230.7,2425500
NXPI,2026-01-21,234.66,237.0,229.66,233.72,233.72,3497400
NXPI,2026-01-22,238.13,241.1,235.22,236.75,236.75,2012400
NXPI,2026-01-23,236.62,236.62,229.07,232.48,232.48,3258000
NXPI,2026-01-26,232.34,234.28,229.89,231.05,231.05,2044900
NXPI,2026-01-27,231.83,234.21,229.24,229.42,229.42,3202500
NXPI,2026-01-28,233.71,242.93,233.01,240.03,240.03,2943700
NXPI,2026-01-29,239.83,240.0,226.39,233.5,233.5,2872800
NXPI,2026-01-30,229.0,231.68,224.87,226.14,226.14,3542300
ODFL,2026-01-02,157.75,160.15,156.0,159.19,159.19,1891200
ODFL,2026-01-05,159.02,165.95,158.16,163.73,163.73,1824600
ODFL,2026-01-06,164.0,170.0,163.62,168.88,168.88,2038100
ODFL,2026-01-07,169.08,170.4,165.23,165.72,165.72,1857000
ODFL,2026-01-08,164.03,172.8,163.75,171.07,171.07,2283400
ODFL,2026-01-09,171.6,173.68,169.59,173.13,173.13,1787700
ODFL,2026-01-12,171.24,173.93,170.13,173.57,173.57,1897000
ODFL,2026-01-13,173.12,173.63,170.73,171.65,171.65,1394100
ODFL,2026-01-14,170.74,174.92,169.38,173.52,173.52,1708200
ODFL,2026-01-15,174.15,178.56,173.92,178.21,178.21,2101600
ODFL,2026-01-16,176.83,178.59,174.06,175.65,175.65,2495000
ODFL,2026-01-20,171.86,173.55,168.0,170.0,170.0,3022100
ODFL,2026-01-21,172.01,180.27,171.37,178.4,178.4,2266500
ODFL,2026-01-22,179.19,181.25,177.08,178.25,178.25,1650700
ODFL,2026-01-23,177.45,178.45,173.48,174.3,174.3,1656100
ODFL,2026-01-26,173.93,174.49,171.09,173.99,173.99,1416200
ODFL,2026-01-27,173.53,175.79,173.07,174.44,174.44,1207300
ODFL,2026-01-28,175.06,175.75,172.56,172.72,172.72,1953300
ODFL,2026-01-29,173.36,175.23,170.61,172.59,172.59,1492500
ODFL,2026-01-30,170.7,173.3,169.99,173.2,173.2,2216600
ON,2026-01-02,55.25,57.33,55.17,56.7,56.7,8044300
ON,2026-01-05,57.52,60.07,57.33,58.69,58.69,10617100
ON,2026-01-06,61.0,62.77,60.21,61.76,61.76,16542200
ON,2026-01-07,61.25,62.34,60.5,61.89,61.89,14419200
ON,2026-01-08,61.18,61.34,59.73,60.89,60.89,10150500
ON,2026-01-09,61.61,62.77,61.02,62.16,62.16,8930400
ON,2026-01-12,61.92,61.97,58.19,58.75,58.75,9511300
ON,2026-01-13,58.8,60.48,58.6,59.41,59.41,6161500
ON,2026-01-14,59.31,61.2,59.21,60.58,60.58,5829000
ON,2026-01-15,60.68,61.99,60.24,60.28,60.28,7065500
ON,2026-01-16,61.19,61.77,60.23,60.33,60.33,6094200
ON,2026-01-20,59.34,61.22,59.15,60.06,60.06,6892100
ON,2026-01-21,61.19,63.84,60.91,63.13,63.13,11094000
ON,2026-01-22,64.98,65.77,62.67,63.07,63.07,8657300
ON,2026-01-23,63.63,63.84,60.83,61.98,61.98,6633400
ON,2026-01-26,61.81,61.82,60.5,61.13,61.13,6086400
ON,2026-01-27,62.02,63.08,61.84,62.63,62.63,6955300
ON,2026-01-28,64.78,66.86,64.26,64.93,64.93,11504000
ON,2026-01-29,63.75,64.16,61.31,62.2,62.2,9636700
ON,2026-01-30,61.61,62.25,59.08,59.89,59.89,13349900
ORLY,2026-01-02,90.74,91.03,89.97,90.34,90.34,4557300
ORLY,2026-01-05,89.42,91.03,89.12,90.58,90.58,5382800
ORLY,2026-01-06,90.14,90.57,89.2,90.39,90.39,9940400
ORLY,2026-01-07,91.27,91.81,90.48,90.85,90.85,5354300
ORLY,2026-01-08,90.82,92.43,90.53,91.63,91.63,6787900
ORLY,2026-01-09,91.44,94.01,91.38,93.8,93.8,6722600
ORLY,2026-01-12,94.06,96.0,93.92,95.6,95.6,7441900
ORLY,2026-01-13,95.15,95.54,94.02,94.63,94.63,4966400
ORLY,2026-01-14,94.49,95.33,94.07,95.02,95.02,4905900
ORLY,2026-01-15,95.06,95.34,93.08,93.64,93.64,5914700
ORLY,2026-01-16,93.47,94.82,92.74,94.7,94.7,6718500
ORLY,2026-01-20,94.38,95.81,94.07,95.24,95.24,6141900
ORLY,2026-01-21,95.16,98.97,94.95,98.78,98.78,7058800
ORLY,2026-01-22,98.27,99.31,97.71,98.88,98.88,4924800
ORLY,2026-01-23,98.73,99.63,98.61,99.23,99.23,6236100
ORLY,2026-01-26,99.76,102.11,99.64,100.24,100.24,6418500
ORLY,2026-01-27,100.24,101.2,100.0,100.62,100.62,4707200
ORLY,2026-01-28,100.62,101.69,99.95,101.37,101.37,5550700
ORLY,2026-01-29,101.38,102.0,98.46,98.85,98.85,4789400
ORLY,2026-01-30,98.36,98.86,97.34,98.41,98.41,6262400
PANW,2026-01-02,184.81,184.81,177.23,179.37,179.37,6909600
PANW,2026-01-05,183.0,185.84,181.01,182.12,182.12,6582900
PANW,2026-01-06,181.73,186.05,181.45,185.86,185.86,5959300
PANW,2026-01-07,188.09,196.19,187.77,193.9,193.9,7613600
PANW,2026-01-08,193.69,193.89,189.05,190.8,190.8,6451300
PANW,2026-01-09,191.93,192.42,187.32,189.02,189.02,5306500
PANW,2026-01-12,188.34,189.75,187.29,188.88,188.88,4281400
PANW,2026-01-13,188.0,193.2,187.99,190.85,190.85,5419600
PANW,2026-01-14,190.71,192.59,187.95,190.93,190.93,5658100
PANW,2026-01-15,190.66,194.07,186.55,187.73,187.73,6530300
PANW,2026-01-16,187.63,189.5,184.68,187.66,187.66,7053100
PANW,2026-01-20,184.24,188.52,182.27,184.06,184.06,7287900
PANW,2026-01-21,184.46,185.08,178.78,181.47,181.47,6301000
PANW,2026-01-22,182.48,183.1,180.78,182.27,182.27,7018000
PANW,2026-01-23,183.06,184.72,179.7,180.18,180.18,5791000
PANW,2026-01-26,181.37,185.62,180.69,184.22,184.22,5356700
PANW,2026-01-27,187.38,189.39,182.53,183.5,183.5,5540000
PANW,2026-01-28,184.53,186.68,183.35,183.74,183.74,4159800
PANW,2026-01-29,181.08,182.21,171.25,176.2,176.2,12925300
PANW,2026-01-30,174.72,178.1,172.99,176.97,176.97,7628100
PAYX,2026-01-02,112.12,112.2,108.33,108.6,107.48,3214700
PAYX,2026-01-05,108.6,110.54,107.8,109.48,108.35,3286100
PAYX,2026-01-06,108.77,111.69,108.47,111.22,110.08,2639600
PAYX,2026-01-07,111.29,112.25,110.96,111.63,110.48,2953300
PAYX,2026-01-08,110.94,114.71,110.63,114.25,113.07,3165600
PAYX,2026-01-09,113.99,115.07,113.3,113.77,112.6,2410600
PAYX,2026-01-12,112.89,113.99,112.39,112.69,111.53,2055100
PAYX,2026-01-13,112.29,112.74,108.91,109.66,108.53,2919600
PAYX,2026-01-14,109.5,110.88,109.17,110.29,109.15,2257700
PAYX,2026-01-15,110.75,111.93,110.0,110.51,109.37,1779400
PAYX,2026-01-16,110.88,111.43,109.76,111.18,110.04,3421300
PAYX,2026-01-20,110.6,110.6,107.31,107.42,106.31,3569000
PAYX,2026-01-21,107.07,108.73,106.8,107.19,106.09,3600800
PAYX,2026-01-22,107.43,108.52,107.0,107.19,106.09,4866000
PAYX,2026-01-23,106.86,107.86,106.47,106.63,105.53,2629200
PAYX,2026-01-26,107.12,107.9,105.29,106.19,105.1,2898500
PAYX,2026-01-27,105.01,105.55,103.69,104.94,103.86,2928400
PAYX,2026-01-28,102.78,103.62,102.09,102.45,102.45,4080400
PAYX,2026-01-29,101.98,103.58,101.53,102.23,102.23,6082700
PAYX,2026-01-30,101.95,103.2,101.05,103.13,103.13,4026300
PCAR,2026-01-02,109.79,112.18,109.0,111.56,111.27,3809300
PCAR,2026-01-05,111.53,113.13,111.3,112.92,112.63,3149700
PCAR,2026-01-06,113.49,119.21,113.33,117.08,116.78,6441100
PCAR,2026-01-07,116.77,117.52,115.14,115.3,115.0,2938500
PCAR,2026-01-08,113.82,119.05,113.82,118.2,117.89,2745500
PCAR,2026-01-09,118.16,119.02,116.67,118.8,118.49,1995300
PCAR,2026-01-12,117.75,118.63,116.72,118.46,118.15,2866500
PCAR,2026-01-13,118.46,119.64,117.44,119.43,119.12,2709600
PCAR,2026-01-14,119.45,120.53,118.58,119.0,118.69,3442400
PCAR,2026-01-15,120.03,122.65,119.48,121.92,121.6,3561300
PCAR,2026-01-16,121.98,121.99,120.38,121.36,121.04,3325900
PCAR,2026-01-20,119.81,120.76,118.88,119.38,119.07,2124300
PCAR,2026-01-21,120.04,123.99,119.95,123.26,122.94,3005700
PCAR,2026-01-22,123.62,124.53,122.84,123.56,123.24,2810300
PCAR,2026-01-23,123.27,123.79,121.41,122.0,121.68,2355000
PCAR,2026-01-26,121.69,122.56,120.28,122.11,121.79,3142700
PCAR,2026-01-27,116.5,121.44,116.5,120.81,120.5,5224300
PCAR,2026-01-28,122.61,125.36,122.11,123.06,122.74,3930700
PCAR,2026-01-29,123.24,124.16,121.75,123.32,123.0,4478500
PCAR,2026-01-30,121.89,123.27,120.88,122.91,122.59,2374000
PDD,2026-01-02,116.22,116.93,115.24,115.75,115.75,5688900
PDD,2026-01-05,117.45,119.68,115.18,119.12,119.12,9091500
PDD,2026-01-06,119.62,125.36,119.12,122.66,122.66,15740400
PDD,2026-01-07,121.57,121.8,120.01,120.97,120.97,7925100
PDD,2026-01-08,119.6,121.84,118.86,121.6,121.6,7163000
PDD,2026-01-09,121.4,121.99,119.0,120.55,120.55,5730000
PDD,2026-01-12,121.12,121.99,117.11,118.73,118.73,9066400
PDD,2026-01-13,112.42,114.44,110.66,112.32,112.32,20318600
PDD,2026-01-14,106.84,109.4,106.1,107.85,107.85,18931500
PDD,2026-01-15,106.98,108.64,106.28,107.46,107.46,10169700
PDD,2026-01-16,108.29,108.33,105.1,106.76,106.76,12141500
PDD,2026-01-20,102.02,104.92,101.86,104.46,104.46,15276400
PDD,2026-01-21,108.73,108.73,105.2,105.92,105.92,15551600
PDD,2026-01-22,106.98,107.72,105.3,106.02,106.02,7515800
PDD,2026-01-23,106.65,107.65,106.2,106.38,106.38,5338600
PDD,2026-01-26,106.05,107.99,105.16,106.86,106.86,5024200
PDD,2026-01-27,107.13,107.27,106.11,106.91,106.91,4427200
PDD,2026-01-28,107.02,107.24,102.78,102.81,102.81,10589400
PDD,2026-01-29,103.19,103.37,101.65,102.7,102.7,14633500
PDD,2026-01-30,102.76,102.76,101.03,101.05,101.05,7470400
PEP,2026-01-02,143.22,143.41,142.1,142.23,142.23,7182100
PEP,2026-01-05,141.66,141.81,139.4,139.92,139.92,9031400
PEP,2026-01-06,139.68,140.06,138.57,138.96,138.96,9576500
PEP,2026-01-07,139.22,139.83,136.96,137.01,137.01,8539800
PEP,2026-01-08,136.57,139.48,136.01,139.37,139.37,8762800
PEP,2026-01-09,139.44,140.79,138.7,139.91,139.91,6767600
PEP,2026-01-12,139.91,141.51,138.56,141.36,141.36,12223400
PEP,2026-01-13,141.1,143.65,141.04,143.48,143.48,9030200
PEP,2026-01-14,143.14,146.3,143.14,145.92,145.92,8329500
PEP,2026-01-15,146.06,147.02,145.53,146.57,146.57,5797800
PEP,2026-01-16,147.16,147.55,145.51,146.32,146.32,10313500
PEP,2026-01-20,146.22,147.66,144.32,147.66,147.66,9982800
PEP,2026-01-21,147.05,148.01,144.94,146.74,146.74,7679600
PEP,2026-01-22,146.68,147.13,144.17,144.4,144.4,8167400
PEP,2026-01-23,143.86,144.84,143.06,144.58,144.58,5870100
PEP,2026-01-26,144.8,145.92,144.14,145.87,145.87,6589600
PEP,2026-01-27,145.75,148.82,145.33,148.78,148.78,7114900
PEP,2026-01-28,148.41,150.04,147.76,148.5,148.5,5954100
PEP,2026-01-29,148.84,150.86,148.44,148.69,148.69,9062300
PEP,2026-01-30,149.01,153.89,148.59,153.63,153.63,12641300
PLTR,2026-01-02,181.3,181.35,166.35,167.86,167.86,60634100
PLTR,2026-01-05,174.88,175.82,171.79,174.04,174.04,39511700
PLTR,2026-01-06,175.76,180.19,174.77,179.71,179.71,34838600
PLTR,2026-01-07,179.8,187.28,177.66,181.68,181.68,45349000
PLTR,2026-01-08,185.62,185.66,174.37,176.86,176.86,47304300
PLTR,2026-01-09,177.02,178.72,174.75,177.49,177.49,31362900
PLTR,2026-01-12,177.68,182.5,176.34,179.41,179.41,34954500
PLTR,2026-01-13,178.88,181.1,176.14,178.96,178.96,27769400
PLTR,2026-01-14,178.12,181.6,173.95,178.4,178.4,33651400
PLTR,2026-01-15,178.71,180.6,176.53,177.07,177.07,31109200
PLTR,2026-01-16,179.36,182.43,170.01,170.96,170.96,59483600
PLTR,2026-01-20,167.62,171.97,166.24,168.53,168.53,36708500
PLTR,2026-01-21,168.4,169.49,161.11,165.33,165.33,47851200
PLTR,2026-01-22,168.93,169.0,164.95,165.9,165.9,28499500
PLTR,2026-01-23,167.27,172.0,166.3,169.6,169.6,30285700
PLTR,2026-01-26,168.21,170.59,167.32,167.47,167.47,22777200
PLTR,2026-01-27,167.48,169.44,164.69,165.7,165.7,26542300
PLTR,2026-01-28,164.4,165.04,157.24,157.35,157.35,44822800
PLTR,2026-01-29,157.63,157.63,147.12,151.86,151.86,59846800
PLTR,2026-01-30,150.05,151.0,145.14,146.59,146.59,47271000
PYPL,2026-01-02,58.67,58.8,57.65,58.14,58.14,14693100
PYPL,2026-01-05,58.01,60.1,57.9,59.29,59.29,17115900
PYPL,2026-01-06,59.27,59.94,58.98,59.81,59.81,11110800
PYPL,2026-01-07,59.87,60.13,58.26,58.51,58.51,18044300
PYPL,2026-01-08,58.02,59.0,57.77,58.27,58.27,13105200
PYPL,2026-01-09,58.8,58.86,57.28,57.66,57.66,15061500
PYPL,2026-01-12,57.61,57.78,56.76,57.29,57.29,19898900
PYPL,2026-01-13,57.21,57.3,56.28,56.56,56.56,15900500
PYPL,2026-01-14,56.4,57.79,56.27,57.66,57.66,16039900
PYPL,2026-01-15,57.74,57.86,56.6,56.74,56.74,16405300
PYPL,2026-01-16,56.79,56.97,56.24,56.89,56.89,15116900
PYPL,2026-01-20,55.58,56.08,55.01,55.08,55.08,19744400
PYPL,2026-01-21,55.52,56.33,55.1,55.89,55.89,15117000
PYPL,2026-01-22,56.59,57.55,56.55,57.15,57.15,14540700
PYPL,2026-01-23,56.83,56.99,56.41,56.62,56.62,8758900
PYPL,2026-01-26,56.57,57.12,56.49,56.6,56.6,9971400
PYPL,2026-01-27,56.5,56.63,55.21,55.51,55.51,14240700
PYPL,2026-01-28,55.01,55.49,53.65,54.08,54.08,19222700
PYPL,2026-01-29,54.12,54.17,52.53,53.11,53.11,19463500
PYPL,2026-01-30,52.44,52.95,52.06,52.69,52.69,18607800
QCOM,2026-01-02,173.8,174.68,172.2,172.98,172.98,6532200
QCOM,2026-01-05,175.46,178.85,174.01,176.31,176.31,8972200
QCOM,2026-01-06,177.21,184.45,176.62,182.45,182.45,11033900
QCOM,2026-01-07,182.39,184.07,177.11,180.19,180.19,9853000
QCOM,2026-01-08,178.8,184.31,176.2,181.87,181.87,8353500
QCOM,2026-01-09,178.12,179.44,174.8,177.78,177.78,9662200
QCOM,2026-01-12,175.88,175.88,169.24,169.27,169.27,13657600
QCOM,2026-01-13,166.98,168.35,164.97,165.29,165.29,9993300
QCOM,2026-01-14,163.69,164.74,162.35,164.54,164.54,7959900
QCOM,2026-01-15,166.45,166.5,161.03,161.39,161.39,9241600
QCOM,2026-01-16,161.39,161.7,159.21,159.42,159.42,11990800
QCOM,2026-01-20,154.95,157.72,153.25,154.07,154.07,11971400
QCOM,2026-01-21,156.33,157.53,154.62,156.37,156.37,9181900
QCOM,2026-01-22,158.47,159.43,156.81,157.8,157.8,7450300
QCOM,2026-01-23,157.04,157.98,154.85,155.82,155.82,7106700
QCOM,2026-01-26,154.8,156.2,154.3,154.52,154.52,8004200
QCOM,2026-01-27,156.33,156.74,152.66,153.04,153.04,8354600
QCOM,2026-01-28,152.0,154.0,150.4,152.7,152.7,8539000
QCOM,2026-01-29,153.09,153.23,149.73,152.22,152.22,9142900
QCOM,2026-01-30,149.96,153.07,149.83,151.59,151.59,9577200
REGN,2026-01-02,774.25,779.75,765.77,776.31,776.31,464800
REGN,2026-01-05,769.72,771.99,753.2,763.23,763.23,835700
REGN,2026-01-06,764.35,787.66,763.2,776.54,776.54,935000
REGN,2026-01-07,786.18,814.1,780.1,812.27,812.27,1264700
REGN,2026-01-08,805.81,816.99,800.68,801.01,801.01,1049300
REGN,2026-01-09,802.97,821.11,790.88,796.55,796.55,711500
REGN,2026-01-12,810.0,811.09,765.08,768.0,768.0,1321100
REGN,2026-01-13,765.16,765.99,743.94,758.91,758.91,946500
REGN,2026-01-14,760.58,766.64,753.01,754.14,754.14,668900
REGN,2026-01-15,754.85,756.5,737.0,741.92,741.92,865600
REGN,2026-01-16,749.09,749.09,726.43,733.04,733.04,1682400
REGN,2026-01-20,729.4,737.87,718.38,733.78,733.78,789100
REGN,2026-01-21,736.71,750.0,735.0,749.33,749.33,788400
REGN,2026-01-22,750.34,765.0,747.37,755.51,755.51,765400
REGN,2026-01-23,757.31,762.0,747.3,753.55,753.55,721000
REGN,2026-01-26,750.09,767.3,750.09,762.65,762.65,934200
REGN,2026-01-27,762.47,776.25,761.5,771.25,771.25,645800
REGN,2026-01-28,765.15,766.99,747.57,751.13,751.13,827900
REGN,2026-01-29,755.73,755.73,742.8,749.44,749.44,925800
REGN,2026-01-30,753.96,774.37,735.61,741.45,741.45,1317500
ROP,2026-01-02,444.73,445.0,428.19,434.54,434.54,914300
ROP,2026-01-05,429.94,436.31,427.89,431.66,431.66,1189300
ROP,2026-01-06,430.0,437.38,430.0,436.54,436.54,774400
ROP,2026-01-07,436.54,440.0,433.96,437.6,437.6,894700
ROP,2026-01-08,433.12,439.29,432.29,434.47,434.47,752300
ROP,2026-01-09,433.42,437.16,431.81,434.81,434.81,612500
ROP,2026-01-12,433.57,434.79,430.81,432.39,432.39,639100
ROP,2026-01-13,430.37,431.17,420.42,426.36,426.36,796600
ROP,2026-01-14,424.06,428.93,421.48,424.2,424.2,822900
ROP,2026-01-15,423.74,424.05,412.33,414.25,414.25,1774200
ROP,2026-01-16,412.41,416.74,407.03,416.14,416.14,1421400
ROP,2026-01-20,412.45,414.32,400.2,403.76,403.76,1483500
ROP,2026-01-21,403.76,406.36,399.09,404.66,404.66,1415100
ROP,2026-01-22,404.02,410.0,402.97,407.48,407.48,1302900
ROP,2026-01-23,406.02,412.1,403.73,407.61,407.61,1712300
ROP,2026-01-26,409.49,413.0,407.32,408.67,408.67,1524400
ROP,2026-01-27,368.5,382.86,345.93,369.27,369.27,5077700
ROP,2026-01-28,367.96,368.2,356.01,360.37,360.37,2940700
ROP,2026-01-29,355.68,365.66,353.35,365.0,365.0,2487200
ROP,2026-01-30,362.28,371.59,360.0,371.23,371.23,3072200
ROST,2026-01-02,180.59,182.77,179.02,182.74,182.74,2566400
ROST,2026-01-05,182.9,186.78,182.9,186.68,186.68,2343100
ROST,2026-01-06,185.88,189.58,185.37,187.53,187.53,2843700
ROST,2026-01-07,187.41,187.65,185.74,186.99,186.99,2047800
ROST,2026-01-08,186.99,191.22,186.42,189.27,189.27,2385600
ROST,2026-01-09,189.27,192.26,188.92,191.44,191.44,2659400
ROST,2026-01-12,191.0,192.49,188.94,192.26,192.26,2071000
ROST,2026-01-13,192.23,193.49,192.1,193.23,193.23,1768100
ROST,2026-01-14,192.49,193.79,190.27,191.83,191.83,2262000
ROST,2026-01-15,192.57,194.52,191.28,193.79,193.79,1667300
ROST,2026-01-16,194.2,194.92,191.78,192.36,192.36,3269700
ROST,2026-01-20,190.54,192.19,188.91,189.69,189.69,2304100
ROST,2026-01-21,190.94,192.61,189.87,192.32,192.32,1964000
ROST,2026-01-22,192.93,193.96,186.46,187.01,187.01,3219800
ROST,2026-01-23,186.92,188.85,186.12,188.55,188.55,1976900
ROST,2026-01-26,187.61,189.4,186.72,187.57,187.57,2828700
ROST,2026-01-27,187.66,188.49,184.74,186.0,186.0,3270000
ROST,2026-01-28,185.97,186.89,184.7,186.04,186.04,1753600
ROST,2026-01-29,185.28,187.11,184.69,186.5,186.5,2759800
ROST,2026-01-30,185.66,188.71,185.66,188.65,188.65,2062600
SBUX,2026-01-02,84.22,84.96,83.02,83.97,83.43,11334900
SBUX,2026-01-05,83.5,87.25,83.4,86.56,86.01,9894300
SBUX,2026-01-06,86.56,90.64,86.36,89.46,88.89,11351100
SBUX,2026-01-07,89.02,89.38,86.47,86.69,86.13,9547000
SBUX,2026-01-08,85.86,89.29,85.61,88.18,87.61,8140100
SBUX,2026-01-09,88.35,89.1,86.79,88.88,88.31,7593200
SBUX,2026-01-12,88.4,90.23,87.6,89.96,89.38,7289500
SBUX,2026-01-13,89.69,90.6,89.47,90.56,89.98,5561900
SBUX,2026-01-14,90.26,91.52,90.15,91.15,90.57,8373200
SBUX,2026-01-15,92.07,94.17,91.64,93.28,92.68,10001700
SBUX,2026-01-16,93.36,93.67,92.22,92.99,92.39,8958200
SBUX,2026-01-20,91.76,93.81,90.78,93.66,93.06,13555200
SBUX,2026-01-21,93.82,96.52,93.73,96.43,95.81,17118100
SBUX,2026-01-22,96.47,97.8,94.86,95.83,95.22,14150800
SBUX,2026-01-23,97.1,97.89,95.76,97.62,96.99,11759800
SBUX,2026-01-26,97.21,97.97,95.79,96.33,95.71,14106700
SBUX,2026-01-27,95.77,96.65,95.24,95.72,95.11,16403600
SBUX,2026-01-28,102.3,104.82,95.1,95.16,94.55,25961600
SBUX,2026-01-29,96.76,96.9,92.61,93.88,93.28,16602900
SBUX,2026-01-30,92.72,93.21,91.0,91.95,91.36,10748000
SMCI,2026-01-02,29.96,31.4,29.93,30.96,30.96,30675100
SMCI,2026-01-05,31.68,32.04,29.98,30.07,30.07,38591800
SMCI,2026-01-06,30.65,30.66,29.43,30.54,30.54,29127500
SMCI,2026-01-07,30.63,30.63,29.78,30.01,30.01,22808200
SMCI,2026-01-08,30.04,30.06,29.21,29.9,29.9,21598200
SMCI,2026-01-09,30.03,31.03,29.55,30.16,30.16,27159800
SMCI,2026-01-12,29.93,30.54,29.77,30.12,30.12,24840600
SMCI,2026-01-13,29.89,29.89,27.8,28.6,28.6,52519700
SMCI,2026-01-14,28.26,28.76,27.75,28.27,28.27,25019200
SMCI,2026-01-15,28.71,29.86,28.57,29.42,29.42,33266300
SMCI,2026-01-16,29.72,32.98,29.6,32.64,32.64,79038200
SMCI,2026-01-20,31.21,31.73,30.22,31.41,31.41,39742100
SMCI,2026-01-21,31.66,32.68,30.96,32.24,32.24,37885100
SMCI,2026-01-22,33.0,33.49,32.37,32.45,32.45,29917800
SMCI,2026-01-23,33.55,33.64,31.33,31.7,31.7,34482400
SMCI,2026-01-26,31.48,31.55,30.66,30.8,30.8,19400400
SMCI,2026-01-27,30.83,31.29,29.9,31.2,31.2,20774600
SMCI,2026-01-28,31.59,32.33,30.97,31.21,31.21,24239900
SMCI,2026-01-29,30.72,30.76,29.14,30.12,30.12,28135500
SMCI,2026-01-30,30.19,30.37,28.9,29.11,29.11,24089600
SNPS,2026-01-02,478.94,485.89,471.46,480.42,480.42,1490300
SNPS,2026-01-05,485.03,506.3,478.95,494.19,494.19,2710800
SNPS,2026-01-06,495.6,509.47,494.05,508.77,508.77,1848100
SNPS,2026-01-07,508.0,524.98,503.88,519.7,519.7,2269500
SNPS,2026-01-08,511.13,518.06,509.44,514.49,514.49,1360500
SNPS,2026-01-09,515.49,528.92,511.1,525.18,525.18,2095100
SNPS,2026-01-12,524.21,535.2,523.78,533.42,533.42,2202400
SNPS,2026-01-13,521.18,527.51,511.48,511.8,511.8,1770600
SNPS,2026-01-14,505.22,507.37,498.58,505.34,505.34,1500100
SNPS,2026-01-15,510.0,519.1,502.0,508.19,508.19,1240900
SNPS,2026-01-16,508.99,520.24,508.0,516.31,516.31,1851200
SNPS,2026-01-20,499.14,512.82,492.6,510.97,510.97,1692000
SNPS,2026-01-21,509.77,525.49,503.55,521.95,521.95,2122000
SNPS,2026-01-22,522.74,525.04,500.0,509.47,509.47,1902200
SNPS,2026-01-23,507.47,509.71,496.76,501.39,501.39,1446600
SNPS,2026-01-26,499.94,508.0,493.27,503.01,503.01,1445700
SNPS,2026-01-27,503.5,505.81,496.03,502.7,502.7,1238300
SNPS,2026-01-28,504.84,515.8,504.84,511.35,511.35,1380100
SNPS,2026-01-29,505.34,510.71,474.89,480.0,480.0,2512400
SNPS,2026-01-30,474.58,475.21,463.21,465.12,465.12,2483000
TEAM,2026-01-02,162.14,162.14,153.84,154.76,154.76,2673900
TEAM,2026-01-05,155.0,156.38,152.42,153.88,153.88,4158700
TEAM,2026-01-06,152.67,161.18,150.5,158.36,158.36,2990300
TEAM,2026-01-07,158.36,163.92,157.21,160.87,160.87,2683400
TEAM,2026-01-08,159.19,159.19,149.02,149.43,149.43,4094800
TEAM,2026-01-09,150.0,150.84,143.11,146.42,146.42,3705400
TEAM,2026-01-12,145.91,148.73,143.66,146.44,146.44,2515500
TEAM,2026-01-13,146.27,148.0,137.66,137.89,137.89,5131000
TEAM,2026-01-14,137.2,138.92,131.2,131.96,131.96,4012300
TEAM,2026-01-15,132.66,133.97,127.71,128.45,128.45,4631000
TEAM,2026-01-16,129.22,129.46,118.08,118.55,118.55,8298900
TEAM,2026-01-20,115.83,121.21,115.53,118.06,118.06,6710500
TEAM,2026-01-21,118.61,123.4,116.56,122.41,122.41,6242400
TEAM,2026-01-22,123.2,128.77,122.99,128.44,128.44,4959200
TEAM,2026-01-23,128.76,132.28,128.65,131.75,131.75,5863000
TEAM,2026-01-26,132.74,138.95,132.51,138.44,138.44,6110700
TEAM,2026-01-27,139.49,140.68,131.17,133.86,133.86,4270800
TEAM,2026-01-28,135.49,138.85,133.61,134.76,134.76,2524200
TEAM,2026-01-29,125.16,125.41,115.01,120.38,120.38,9472300
TEAM,2026-01-30,121.62,123.56,117.83,118.18,118.18,4400000
TMUS,2026-01-02,202.25,202.69,199.03,199.58,199.58,3826100
TMUS,2026-01-05,199.17,202.44,198.43,200.86,200.86,4021800
TMUS,2026-01-06,200.2,200.94,197.16,198.6,198.6,3240400
TMUS,2026-01-07,198.6,199.87,195.62,197.29,197.29,3737400
TMUS,2026-01-08,196.61,199.55,195.74,197.91,197.91,5185100
TMUS,2026-01-09,196.48,202.05,196.4,200.56,200.56,3829900
TMUS,2026-01-12,200.34,200.77,196.47,197.51,197.51,5271100
TMUS,2026-01-13,197.22,197.39,188.12,189.67,189.67,7654200
TMUS,2026-01-14,189.15,192.14,189.0,192.02,192.02,5292400
TMUS,2026-01-15,192.36,192.69,189.16,190.66,190.66,5450000
TMUS,2026-01-16,190.2,190.49,185.18,186.32,186.32,8248300
TMUS,2026-01-20,185.36,186.59,183.34,183.65,183.65,9026900
TMUS,2026-01-21,182.99,184.87,181.36,183.6,183.6,8188000
TMUS,2026-01-22,183.75,186.31,183.75,185.39,185.39,6502700
TMUS,2026-01-23,184.49,186.94,183.9,186.03,186.03,4827900
TMUS,2026-01-26,186.98,188.86,186.65,187.96,187.96,4772100
TMUS,2026-01-27,187.15,187.54,183.26,184.49,184.49,6791300
TMUS,2026-01-28,185.13,188.13,184.49,186.25,186.25,7418900
TMUS,2026-01-29,186.56,190.08,186.25,189.28,189.28,5917000
TMUS,2026-01-30,193.32,197.32,192.7,197.21,197.21,10733400
TSLA,2026-01-02,457.8,458.34,435.3,438.07,438.07,85535400
TSLA,2026-01-05,447.99,457.55,444.57,451.67,451.67,67940800
TSLA,2026-01-06,446.38,448.25,428.78,432.96,432.96,89093800
TSLA,2026-01-07,435.9,438.37,431.29,431.41,431.41,59828800
TSLA,2026-01-08,427.89,436.89,424.37,435.8,435.8,57041100
TSLA,2026-01-09,435.95,449.05,430.39,445.01,445.01,67331500
TSLA,2026-01-12,441.23,454.3,438.0,448.96,448.96,61649600
TSLA,2026-01-13,450.2,451.81,443.95,447.2,447.2,53719200
TSLA,2026-01-14,442.81,443.91,434.22,439.2,439.2,57259500
TSLA,2026-01-15,441.13,445.36,437.65,438.57,438.57,49465800
TSLA,2026-01-16,439.5,447.25,435.26,437.5,437.5,60220600
TSLA,2026-01-20,429.36,430.73,417.44,419.25,419.25,63187300
TSLA,2026-01-21,421.66,438.2,419.62,431.44,431.44,68124000
TSLA,2026-01-22,435.16,449.5,432.63,449.36,449.36,71546700
TSLA,2026-01-23,447.43,452.43,444.04,449.06,449.06,56771400
TSLA,2026-01-26,445.0,445.04,434.28,435.2,435.2,49397400
TSLA,2026-01-27,437.41,437.52,430.69,430.9,430.9,37733100
TSLA,2026-01-28,431.91,438.26,430.1,431.46,431.46,54857400
TSLA,2026-01-29,437.8,440.23,414.62,416.56,416.56,81686100
TSLA,2026-01-30,425.35,439.88,422.7,430.41,430.41,82626100
TTD,2026-01-02,38.19,38.24,36.79,37.68,37.68,9782600
TTD,2026-01-05,37.95,40.2,37.85,40.11,40.11,14290500
TTD,2026-01-06,40.11,40.9,39.51,39.74,39.74,12163500
TTD,2026-01-07,39.76,39.99,38.29,38.65,38.65,10377300
TTD,2026-01-08,38.44,38.45,37.04,37.3,37.3,12829100
TTD,2026-01-09,37.54,37.65,36.63,37.29,37.29,10244800
TTD,2026-01-12,37.35,37.77,36.74,36.9,36.9,11020900
TTD,2026-01-13,36.91,37.3,36.25,37.14,37.14,11829400
TTD,2026-01-14,37.13,37.25,36.32,37.13,37.13,9994500
TTD,2026-01-15,37.2,37.22,35.88,36.23,36.23,11334100
TTD,2026-01-16,36.26,36.35,35.24,35.48,35.48,12520600
TTD,2026-01-20,34.81,35.08,34.0,34.15,34.15,10964400
TTD,2026-01-21,34.43,35.53,34.35,35.33,35.33,9366600
TTD,2026-01-22,35.74,36.96,35.63,36.82,36.82,8293100
TTD,2026-01-23,36.24,36.69,36.06,36.55,36.55,6203300
TTD,2026-01-26,36.36,36.38,33.43,33.81,33.81,24784700
TTD,2026-01-27,33.52,33.57,31.83,32.19,32.19,18874800
TTD,2026-01-28,32.49,32.78,31.84,31.87,31.87,9848700
TTD,2026-01-29,31.55,31.63,30.82,31.25,31.25,13680700
TTD,2026-01-30,31.33,31.34,30.13,30.33,30.33,14739700
TTWO,2026-01-02,257.71,257.71,250.2,251.6,251.6,1317900
TTWO,2026-01-05,252.43,258.56,251.35,257.31,257.31,1108700
TTWO,2026-01-06,257.29,257.8,253.58,254.35,254.35,922100
TTWO,2026-01-07,253.66,257.15,251.28,256.67,256.67,1192400
TTWO,2026-01-08,256.94,257.91,250.59,252.38,252.38,1567800
TTWO,2026-01-09,252.71,254.8,249.34,250.71,250.71,1013600
TTWO,2026-01-12,249.04,251.21,245.74,248.92,248.92,1177100
TTWO,2026-01-13,248.94,250.49,244.77,247.49,247.49,1158600
TTWO,2026-01-14,246.68,246.75,241.51,245.49,245.49,1454700
TTWO,2026-01-15,245.48,246.0,242.55,244.34,244.34,1083900
TTWO,2026-01-16,244.97,245.03,239.0,240.14,240.14,1718300
TTWO,2026-01-20,239.0,242.92,237.06,240.61,240.61,1350400
TTWO,2026-01-21,240.61,241.0,236.01,238.23,238.23,1267600
TTWO,2026-01-22,239.56,241.55,233.85,241.1,241.1,1625500
TTWO,2026-01-23,241.14,245.82,240.94,245.73,245.73,1174900
TTWO,2026-01-26,245.57,247.2,244.06,245.63,245.63,1204700
TTWO,2026-01-27,246.05,248.54,242.73,245.52,245.52,1173800
TTWO,2026-01-28,245.99,248.55,242.33,243.18,243.18,1554600
TTWO,2026-01-29,241.04,243.71,236.13,239.27,239.27,1907100
TTWO,2026-01-30,237.67,238.15,211.13,220.3,220.3,9097800
TXN,2026-01-02,174.97,178.89,174.91,177.52,176.37,6133600
TXN,2026-01-05,178.02,182.89,176.89,177.17,176.02,6755000
TXN,2026-01-06,180.09,192.92,180.09,192.1,190.85,13219400
TXN,2026-01-07,188.47,190.72,184.49,185.71,184.51,8341300
TXN,2026-01-08,182.83,189.08,182.55,188.45,187.23,6857300
TXN,2026-01-09,188.8,191.4,187.51,190.31,189.08,6018300
TXN,2026-01-12,188.85,190.82,188.0,189.07,187.84,6502600
TXN,2026-01-13,189.28,189.75,187.65,188.53,187.31,4135000
TXN,2026-01-14,187.5,193.61,187.44,193.45,192.2,7988800
TXN,2026-01-15,194.93,196.64,188.77,189.12,187.89,6942600
TXN,2026-01-16,190.23,192.47,190.07,191.58,190.34,6944800
TXN,2026-01-20,190.24,192.43,187.95,189.59,188.36,9516600
TXN,2026-01-21,191.45,196.13,191.26,194.41,193.15,7272000
TXN,2026-01-22,197.3,199.43,193.68,194.99,193.73,7264000
TXN,2026-01-23,195.76,196.41,191.13,193.31,192.06,6691300
TXN,2026-01-26,193.31,196.84,192.44,196.59,195.32,9169300
TXN,2026-01-27,194.69,198.41,194.34,196.63,195.35,10748800
TXN,2026-01-28,203.86,216.59,203.72,216.17,214.77,19603400
TXN,2026-01-29,216.4,222.0,214.82,218.97,217.55,14120000
TXN,2026-01-30,216.06,216.46,213.06,215.55,215.55,9086800
VRSK,2026-01-02,221.94,223.74,217.85,221.02,221.02,1866000
VRSK,2026-01-05,220.38,224.89,218.29,220.7,220.7,1355500
VRSK,2026-01-06,218.25,222.3,217.71,221.23,221.23,1476400
VRSK,2026-01-07,221.96,223.02,219.21,219.61,219.61,1053000
VRSK,2026-01-08,218.63,223.89,217.75,222.85,222.85,874500
VRSK,2026-01-09,222.85,226.39,221.3,224.87,224.87,969800
VRSK,2026-01-12,224.87,226.17,223.77,224.82,224.82,961700
VRSK,2026-01-13,224.03,224.67,220.31,222.09,222.09,806900
VRSK,2026-01-14,220.96,224.64,220.31,224.16,224.16,1141800
VRSK,2026-01-15,224.0,226.37,221.5,222.05,222.05,1225700
VRSK,2026-01-16,222.36,223.52,219.54,220.41,220.41,1749800
VRSK,2026-01-20,220.16,220.6,216.9,218.49,218.49,1910000
VRSK,2026-01-21,218.49,220.4,215.57,216.59,216.59,1069900
VRSK,2026-01-22,216.85,219.44,215.99,218.5,218.5,1125500
VRSK,2026-01-23,217.17,219.24,216.76,218.04,218.04,1045000
VRSK,2026-01-26,218.23,220.13,217.47,219.74,219.74,882900
VRSK,2026-01-27,218.35,219.63,215.88,216.28,216.28,1460000
VRSK,2026-01-28,215.29,220.19,213.85,219.03,219.03,1190800
VRSK,2026-01-29,218.17,219.23,214.55,216.59,216.59,1218900
VRSK,2026-01-30,216.59,217.66,213.89,217.46,217.46,977500
VRTX,2026-01-02,454.34,455.99,448.52,452.13,452.13,825300
VRTX,2026-01-05,448.83,450.72,443.12,448.8,448.8,931400
VRTX,2026-01-06,454.85,471.28,453.69,468.38,468.38,2078400
VRTX,2026-01-07,469.13,487.52,467.46,484.15,484.15,1723700
VRTX,2026-01-08,481.51,485.69,465.28,469.68,469.68,2115000
VRTX,2026-01-09,467.73,475.33,463.39,463.86,463.86,1700300
VRTX,2026-01-12,461.07,464.59,454.54,460.59,460.59,1350300
VRTX,2026-01-13,460.22,462.42,452.91,454.67,454.67,1346100
VRTX,2026-01-14,454.58,455.03,446.01,449.53,449.53,1295400
VRTX,2026-01-15,448.79,450.44,436.69,438.92,438.92,1214900
VRTX,2026-01-16,440.46,445.77,437.46,441.36,441.36,2047400
VRTX,2026-01-20,435.41,442.38,429.0,442.08,442.08,1811400
VRTX,2026-01-21,440.54,465.15,439.91,461.14,461.14,2289200
VRTX,2026-01-22,463.74,472.58,458.31,467.35,467.35,1535100
VRTX,2026-01-23,465.23,470.34,462.74,468.41,468.41,1330000
VRTX,2026-01-26,470.79,479.1,468.43,476.84,476.84,1668000
VRTX,2026-01-27,476.8,485.0,470.49,474.17,474.17,1631800
VRTX,2026-01-28,474.09,479.5,469.5,477.91,477.91,1089100
VRTX,2026-01-29,479.03,484.35,473.86,475.68,475.68,1498100
VRTX,2026-01-30,471.18,475.67,468.0,469.9,469.9,1190100
WBD,2026-01-02,28.79,28.85,28.41,28.51,28.51,27761700
WBD,2026-01-05,28.56,28.92,28.44,28.53,28.53,26514000
WBD,2026-01-06,28.5,28.58,28.35,28.47,28.47,18278600
WBD,2026-01-07,28.29,28.77,28.22,28.59,28.59,24586600
WBD,2026-01-08,28.46,28.51,28.05,28.32,28.32,22673300
WBD,2026-01-09,28.32,29.04,28.29,28.89,28.89,37766600
WBD,2026-01-12,28.48,28.68,28.25,28.4,28.4,21925100
WBD,2026-01-13,28.3,29.5,28.26,28.86,28.86,31100500
WBD,2026-01-14,29.01,29.2,28.58,28.63,28.63,29096000
WBD,2026-01-15,28.71,28.85,28.4,28.49,28.49,23194400
WBD,2026-01-16,28.64,28.78,28.5,28.58,28.58,27279500
WBD,2026-01-20,28.48,28.84,28.07,28.24,28.24,31171900
WBD,2026-01-21,28.32,28.72,28.2,28.53,28.53,22104000
WBD,2026-01-22,28.5,28.7,28.33,28.36,28.36,11295200
WBD,2026-01-23,28.26,28.61,28.25,28.58,28.58,19188000
WBD,2026-01-26,28.46,28.52,28.2,28.24,28.24,18891800
WBD,2026-01-27,28.25,28.31,28.06,28.07,28.07,21571900
WBD,2026-01-28,28.09,28.28,27.92,27.98,27.98,17167000
WBD,2026-01-29,28.19,28.25,27.56,27.6,27.6,29227200
WBD,2026-01-30,27.55,27.79,27.36,27.54,27.54,24238600
WDAY,2026-01-02,215.2,215.4,202.22,205.79,205.79,6047800
WDAY,2026-01-05,205.8,212.45,205.14,208.9,208.9,4019100
WDAY,2026-01-06,208.25,210.51,205.5,210.3,210.3,2229800
WDAY,2026-01-07,210.62,212.74,209.07,211.14,211.14,1600400
WDAY,2026-01-08,209.56,211.39,206.97,209.79,209.79,1639500
WDAY,2026-01-09,210.19,211.0,207.0,207.19,207.19,1799700
WDAY,2026-01-12,205.54,210.08,204.3,207.91,207.91,2012200
WDAY,2026-01-13,207.07,208.62,199.0,199.55,199.55,2491300
WDAY,2026-01-14,198.3,198.3,192.27,193.99,193.99,4115200
WDAY,2026-01-15,194.14,196.15,192.5,192.72,192.72,3381200
WDAY,2026-01-16,193.0,193.25,185.6,186.86,186.86,4679500
WDAY,2026-01-20,185.34,186.5,180.83,182.99,182.99,3571000
WDAY,2026-01-21,183.0,185.09,180.56,183.41,183.41,3821500
WDAY,2026-01-22,184.66,189.04,183.34,188.18,188.18,2252300
WDAY,2026-01-23,187.01,190.35,186.33,189.26,189.26,2508200
WDAY,2026-01-26,190.42,194.01,190.0,190.85,190.85,2473500
WDAY,2026-01-27,190.72,191.36,185.91,188.58,188.58,2555600
WDAY,2026-01-28,189.89,193.47,188.72,189.12,189.12,3793800
WDAY,2026-01-29,178.82,179.99,169.01,174.66,174.66,10129400
WDAY,2026-01-30,174.17,176.67,173.51,175.63,175.63,5133000
XEL,2026-01-02,73.82,75.28,73.27,74.68,74.68,4212900
XEL,2026-01-05,74.44,74.67,72.74,74.07,74.07,6584700
XEL,2026-01-06,74.06,74.56,73.45,74.43,74.43,7770900
XEL,2026-01-07,74.8,74.92,72.98,73.22,73.22,3822500
XEL,2026-01-08,73.19,74.48,73.1,73.38,73.38,3082300
XEL,2026-01-09,73.88,75.04,73.67,74.26,74.26,3504100
XEL,2026-01-12,74.03,74.54,73.5,74.0,74.0,5642100
XEL,2026-01-13,74.02,75.01,73.79,74.94,74.94,3462100
XEL,2026-01-14,74.76,76.35,74.75,76.2,76.2,5961000
XEL,2026-01-15,76.33,76.39,75.25,75.36,75.36,6881000
XEL,2026-01-16,75.36,75.89,75.01,75.61,75.61,7378100
XEL,2026-01-20,75.21,76.27,74.67,76.21,76.21,7220600
XEL,2026-01-21,76.46,77.05,76.06,76.51,76.51,13776400
XEL,2026-01-22,76.5,76.93,75.4,75.86,75.86,4388200
XEL,2026-01-23,75.36,75.67,74.35,75.01,75.01,4210400
XEL,2026-01-26,75.35,76.14,75.27,75.73,75.73,5215500
XEL,2026-01-27,75.58,76.48,75.15,76.33,76.33,2118900
XEL,2026-01-28,76.2,76.76,75.94,76.01,76.01,3239900
XEL,2026-01-29,76.22,76.99,75.49,75.97,75.97,3091200
XEL,2026-01-30,75.8,76.08,74.93,76.06,76.06,3920600
ZS,2026-01-02,226.72,226.72,217.23,220.57,220.57,1694800
ZS,2026-01-05,221.7,227.7,221.63,222.76,222.76,1312700
ZS,2026-01-06,222.61,223.43,218.89,222.03,222.03,1535200
ZS,2026-01-07,223.01,231.48,222.18,231.16,231.16,2135400
ZS,2026-01-08,230.65,230.79,219.38,220.32,220.32,2006600
ZS,2026-01-09,220.74,221.51,215.33,216.73,216.73,1592800
ZS,2026-01-12,215.08,217.01,213.49,216.63,216.63,1380900
ZS,2026-01-13,216.53,219.58,212.5,216.85,216.85,1505700
ZS,2026-01-14,216.93,221.79,209.41,214.27,214.27,2184000
ZS,2026-01-15,214.29,218.01,210.41,210.58,210.58,1570700
ZS,2026-01-16,211.4,215.2,208.88,213.98,213.98,1875100
ZS,2026-01-20,209.27,210.46,205.59,206.32,206.32,1697700
ZS,2026-01-21,206.32,211.63,204.67,208.66,208.66,1679800
ZS,2026-01-22,211.21,211.37,207.37,208.31,208.31,1236700
ZS,2026-01-23,209.14,210.65,207.32,209.62,209.62,1510300
ZS,2026-01-26,212.2,216.7,211.01,214.55,214.55,1420900
ZS,2026-01-27,224.0,229.0,219.12,219.67,219.67,3415600
ZS,2026-01-28,221.16,221.95,213.22,213.95,213.95,1425000
ZS,2026-01-29,209.51,210.66,197.47,200.63,200.63,3090400
ZS,2026-01-30,200.49,203.5,199.0,200.01,200.01,1569100
